name,title,level,facing,categories,description,detail,remediation,metadata,cache_key
unindexed_foreign_keys,Unindexed foreign keys,INFO,EXTERNAL,"[""PERFORMANCE""]","Identifies foreign key constraints without a covering index, which can impact database performance.",Table \`public.meeting_analytics\` has a foreign key \`meeting_analytics_booking_id_fkey\` without a covering index. This can lead to suboptimal query performance.,https://supabase.com/docs/guides/database/database-linter?lint=0001_unindexed_foreign_keys,"{""name"":""meeting_analytics"",""type"":""table"",""schema"":""public"",""fkey_name"":""meeting_analytics_booking_id_fkey"",""fkey_columns"":[4]}",unindexed_foreign_keys_public_meeting_analytics_meeting_analytics_booking_id_fkey
unindexed_foreign_keys,Unindexed foreign keys,INFO,EXTERNAL,"[""PERFORMANCE""]","Identifies foreign key constraints without a covering index, which can impact database performance.",Table \`public.send_document_ndas\` has a foreign key \`send_document_ndas_link_id_fkey\` without a covering index. This can lead to suboptimal query performance.,https://supabase.com/docs/guides/database/database-linter?lint=0001_unindexed_foreign_keys,"{""name"":""send_document_ndas"",""type"":""table"",""schema"":""public"",""fkey_name"":""send_document_ndas_link_id_fkey"",""fkey_columns"":[2]}",unindexed_foreign_keys_public_send_document_ndas_send_document_ndas_link_id_fkey
unindexed_foreign_keys,Unindexed foreign keys,INFO,EXTERNAL,"[""PERFORMANCE""]","Identifies foreign key constraints without a covering index, which can impact database performance.",Table \`public.send_document_ndas\` has a foreign key \`send_document_ndas_view_id_fkey\` without a covering index. This can lead to suboptimal query performance.,https://supabase.com/docs/guides/database/database-linter?lint=0001_unindexed_foreign_keys,"{""name"":""send_document_ndas"",""type"":""table"",""schema"":""public"",""fkey_name"":""send_document_ndas_view_id_fkey"",""fkey_columns"":[3]}",unindexed_foreign_keys_public_send_document_ndas_send_document_ndas_view_id_fkey
unindexed_foreign_keys,Unindexed foreign keys,INFO,EXTERNAL,"[""PERFORMANCE""]","Identifies foreign key constraints without a covering index, which can impact database performance.",Table \`public.send_email_verifications\` has a foreign key \`send_email_verifications_link_id_fkey\` without a covering index. This can lead to suboptimal query performance.,https://supabase.com/docs/guides/database/database-linter?lint=0001_unindexed_foreign_keys,"{""name"":""send_email_verifications"",""type"":""table"",""schema"":""public"",""fkey_name"":""send_email_verifications_link_id_fkey"",""fkey_columns"":[2]}",unindexed_foreign_keys_public_send_email_verifications_send_email_verifications_link_id_fkey
unindexed_foreign_keys,Unindexed foreign keys,INFO,EXTERNAL,"[""PERFORMANCE""]","Identifies foreign key constraints without a covering index, which can impact database performance.",Table \`public.send_pending_uploads\` has a foreign key \`send_pending_uploads_reviewed_by_fkey\` without a covering index. This can lead to suboptimal query performance.,https://supabase.com/docs/guides/database/database-linter?lint=0001_unindexed_foreign_keys,"{""name"":""send_pending_uploads"",""type"":""table"",""schema"":""public"",""fkey_name"":""send_pending_uploads_reviewed_by_fkey"",""fkey_columns"":[11]}",unindexed_foreign_keys_public_send_pending_uploads_send_pending_uploads_reviewed_by_fkey
unindexed_foreign_keys,Unindexed foreign keys,INFO,EXTERNAL,"[""PERFORMANCE""]","Identifies foreign key constraints without a covering index, which can impact database performance.",Table \`public.system_config\` has a foreign key \`system_config_updated_by_fkey\` without a covering index. This can lead to suboptimal query performance.,https://supabase.com/docs/guides/database/database-linter?lint=0001_unindexed_foreign_keys,"{""name"":""system_config"",""type"":""table"",""schema"":""public"",""fkey_name"":""system_config_updated_by_fkey"",""fkey_columns"":[7]}",unindexed_foreign_keys_public_system_config_system_config_updated_by_fkey
unindexed_foreign_keys,Unindexed foreign keys,INFO,EXTERNAL,"[""PERFORMANCE""]","Identifies foreign key constraints without a covering index, which can impact database performance.",Table \`public.system_settings\` has a foreign key \`system_settings_updated_by_fkey\` without a covering index. This can lead to suboptimal query performance.,https://supabase.com/docs/guides/database/database-linter?lint=0001_unindexed_foreign_keys,"{""name"":""system_settings"",""type"":""table"",""schema"":""public"",""fkey_name"":""system_settings_updated_by_fkey"",""fkey_columns"":[10]}",unindexed_foreign_keys_public_system_settings_system_settings_updated_by_fkey
unused_index,Unused Index,INFO,EXTERNAL,"[""PERFORMANCE""]",Detects if an index has never been used and may be a candidate for removal.,Index \`idx_corporate_audit_logs_action\` on table \`public.corporate_audit_logs\` has not been used,https://supabase.com/docs/guides/database/database-linter?lint=0005_unused_index,"{""name"":""corporate_audit_logs"",""type"":""table"",""schema"":""public""}",unused_index_public_corporate_audit_logs_idx_corporate_audit_logs_action
unused_index,Unused Index,INFO,EXTERNAL,"[""PERFORMANCE""]",Detects if an index has never been used and may be a candidate for removal.,Index \`idx_corporate_audit_logs_created\` on table \`public.corporate_audit_logs\` has not been used,https://supabase.com/docs/guides/database/database-linter?lint=0005_unused_index,"{""name"":""corporate_audit_logs"",""type"":""table"",""schema"":""public""}",unused_index_public_corporate_audit_logs_idx_corporate_audit_logs_created
unused_index,Unused Index,INFO,EXTERNAL,"[""PERFORMANCE""]",Detects if an index has never been used and may be a candidate for removal.,Index \`idx_user_profiles_corporate_account\` on table \`public.user_profiles\` has not been used,https://supabase.com/docs/guides/database/database-linter?lint=0005_unused_index,"{""name"":""user_profiles"",""type"":""table"",""schema"":""public""}",unused_index_public_user_profiles_idx_user_profiles_corporate_account
unused_index,Unused Index,INFO,EXTERNAL,"[""PERFORMANCE""]",Detects if an index has never been used and may be a candidate for removal.,Index \`idx_corporate_access_requests_account\` on table \`public.corporate_access_requests\` has not been used,https://supabase.com/docs/guides/database/database-linter?lint=0005_unused_index,"{""name"":""corporate_access_requests"",""type"":""table"",""schema"":""public""}",unused_index_public_corporate_access_requests_idx_corporate_access_requests_account
unused_index,Unused Index,INFO,EXTERNAL,"[""PERFORMANCE""]",Detects if an index has never been used and may be a candidate for removal.,Index \`idx_corporate_access_requests_status\` on table \`public.corporate_access_requests\` has not been used,https://supabase.com/docs/guides/database/database-linter?lint=0005_unused_index,"{""name"":""corporate_access_requests"",""type"":""table"",""schema"":""public""}",unused_index_public_corporate_access_requests_idx_corporate_access_requests_status
unused_index,Unused Index,INFO,EXTERNAL,"[""PERFORMANCE""]",Detects if an index has never been used and may be a candidate for removal.,Index \`idx_corporate_audit_logs_account\` on table \`public.corporate_audit_logs\` has not been used,https://supabase.com/docs/guides/database/database-linter?lint=0005_unused_index,"{""name"":""corporate_audit_logs"",""type"":""table"",""schema"":""public""}",unused_index_public_corporate_audit_logs_idx_corporate_audit_logs_account
unused_index,Unused Index,INFO,EXTERNAL,"[""PERFORMANCE""]",Detects if an index has never been used and may be a candidate for removal.,Index \`idx_send_document_links_blocked_countries\` on table \`public.send_document_links\` has not been used,https://supabase.com/docs/guides/database/database-linter?lint=0005_unused_index,"{""name"":""send_document_links"",""type"":""table"",""schema"":""public""}",unused_index_public_send_document_links_idx_send_document_links_blocked_countries
unused_index,Unused Index,INFO,EXTERNAL,"[""PERFORMANCE""]",Detects if an index has never been used and may be a candidate for removal.,Index \`idx_send_document_links_allowed_ips\` on table \`public.send_document_links\` has not been used,https://supabase.com/docs/guides/database/database-linter?lint=0005_unused_index,"{""name"":""send_document_links"",""type"":""table"",""schema"":""public""}",unused_index_public_send_document_links_idx_send_document_links_allowed_ips
unused_index,Unused Index,INFO,EXTERNAL,"[""PERFORMANCE""]",Detects if an index has never been used and may be a candidate for removal.,Index \`idx_send_document_links_blocked_ips\` on table \`public.send_document_links\` has not been used,https://supabase.com/docs/guides/database/database-linter?lint=0005_unused_index,"{""name"":""send_document_links"",""type"":""table"",""schema"":""public""}",unused_index_public_send_document_links_idx_send_document_links_blocked_ips
unused_index,Unused Index,INFO,EXTERNAL,"[""PERFORMANCE""]",Detects if an index has never been used and may be a candidate for removal.,Index \`idx_send_shared_documents_team_id\` on table \`public.send_shared_documents\` has not been used,https://supabase.com/docs/guides/database/database-linter?lint=0005_unused_index,"{""name"":""send_shared_documents"",""type"":""table"",""schema"":""public""}",unused_index_public_send_shared_documents_idx_send_shared_documents_team_id
unused_index,Unused Index,INFO,EXTERNAL,"[""PERFORMANCE""]",Detects if an index has never been used and may be a candidate for removal.,Index \`idx_send_document_links_is_active\` on table \`public.send_document_links\` has not been used,https://supabase.com/docs/guides/database/database-linter?lint=0005_unused_index,"{""name"":""send_document_links"",""type"":""table"",""schema"":""public""}",unused_index_public_send_document_links_idx_send_document_links_is_active
unused_index,Unused Index,INFO,EXTERNAL,"[""PERFORMANCE""]",Detects if an index has never been used and may be a candidate for removal.,Index \`idx_send_document_views_session_id\` on table \`public.send_document_views\` has not been used,https://supabase.com/docs/guides/database/database-linter?lint=0005_unused_index,"{""name"":""send_document_views"",""type"":""table"",""schema"":""public""}",unused_index_public_send_document_views_idx_send_document_views_session_id
unused_index,Unused Index,INFO,EXTERNAL,"[""PERFORMANCE""]",Detects if an index has never been used and may be a candidate for removal.,Index \`idx_send_document_views_viewer_email\` on table \`public.send_document_views\` has not been used,https://supabase.com/docs/guides/database/database-linter?lint=0005_unused_index,"{""name"":""send_document_views"",""type"":""table"",""schema"":""public""}",unused_index_public_send_document_views_idx_send_document_views_viewer_email
unused_index,Unused Index,INFO,EXTERNAL,"[""PERFORMANCE""]",Detects if an index has never been used and may be a candidate for removal.,Index \`idx_send_document_views_viewed_at\` on table \`public.send_document_views\` has not been used,https://supabase.com/docs/guides/database/database-linter?lint=0005_unused_index,"{""name"":""send_document_views"",""type"":""table"",""schema"":""public""}",unused_index_public_send_document_views_idx_send_document_views_viewed_at
unused_index,Unused Index,INFO,EXTERNAL,"[""PERFORMANCE""]",Detects if an index has never been used and may be a candidate for removal.,Index \`idx_send_page_views_view_id\` on table \`public.send_page_views\` has not been used,https://supabase.com/docs/guides/database/database-linter?lint=0005_unused_index,"{""name"":""send_page_views"",""type"":""table"",""schema"":""public""}",unused_index_public_send_page_views_idx_send_page_views_view_id
unused_index,Unused Index,INFO,EXTERNAL,"[""PERFORMANCE""]",Detects if an index has never been used and may be a candidate for removal.,Index \`idx_send_page_views_page_number\` on table \`public.send_page_views\` has not been used,https://supabase.com/docs/guides/database/database-linter?lint=0005_unused_index,"{""name"":""send_page_views"",""type"":""table"",""schema"":""public""}",unused_index_public_send_page_views_idx_send_page_views_page_number
unused_index,Unused Index,INFO,EXTERNAL,"[""PERFORMANCE""]",Detects if an index has never been used and may be a candidate for removal.,Index \`idx_send_visitor_sessions_session_id\` on table \`public.send_visitor_sessions\` has not been used,https://supabase.com/docs/guides/database/database-linter?lint=0005_unused_index,"{""name"":""send_visitor_sessions"",""type"":""table"",""schema"":""public""}",unused_index_public_send_visitor_sessions_idx_send_visitor_sessions_session_id
unused_index,Unused Index,INFO,EXTERNAL,"[""PERFORMANCE""]",Detects if an index has never been used and may be a candidate for removal.,Index \`idx_send_visitor_sessions_viewer_email\` on table \`public.send_visitor_sessions\` has not been used,https://supabase.com/docs/guides/database/database-linter?lint=0005_unused_index,"{""name"":""send_visitor_sessions"",""type"":""table"",""schema"":""public""}",unused_index_public_send_visitor_sessions_idx_send_visitor_sessions_viewer_email
unused_index,Unused Index,INFO,EXTERNAL,"[""PERFORMANCE""]",Detects if an index has never been used and may be a candidate for removal.,Index \`idx_send_analytics_events_view_id\` on table \`public.send_analytics_events\` has not been used,https://supabase.com/docs/guides/database/database-linter?lint=0005_unused_index,"{""name"":""send_analytics_events"",""type"":""table"",""schema"":""public""}",unused_index_public_send_analytics_events_idx_send_analytics_events_view_id
unused_index,Unused Index,INFO,EXTERNAL,"[""PERFORMANCE""]",Detects if an index has never been used and may be a candidate for removal.,Index \`idx_qr_verifications_document_hash\` on table \`public.qr_verifications\` has not been used,https://supabase.com/docs/guides/database/database-linter?lint=0005_unused_index,"{""name"":""qr_verifications"",""type"":""table"",""schema"":""public""}",unused_index_public_qr_verifications_idx_qr_verifications_document_hash
unused_index,Unused Index,INFO,EXTERNAL,"[""PERFORMANCE""]",Detects if an index has never been used and may be a candidate for removal.,Index \`idx_user_subscriptions_status\` on table \`public.user_subscriptions\` has not been used,https://supabase.com/docs/guides/database/database-linter?lint=0005_unused_index,"{""name"":""user_subscriptions"",""type"":""table"",""schema"":""public""}",unused_index_public_user_subscriptions_idx_user_subscriptions_status
unused_index,Unused Index,INFO,EXTERNAL,"[""PERFORMANCE""]",Detects if an index has never been used and may be a candidate for removal.,Index \`idx_admin_users_email\` on table \`public.admin_users\` has not been used,https://supabase.com/docs/guides/database/database-linter?lint=0005_unused_index,"{""name"":""admin_users"",""type"":""table"",""schema"":""public""}",unused_index_public_admin_users_idx_admin_users_email
unused_index,Unused Index,INFO,EXTERNAL,"[""PERFORMANCE""]",Detects if an index has never been used and may be a candidate for removal.,Index \`idx_admin_users_role\` on table \`public.admin_users\` has not been used,https://supabase.com/docs/guides/database/database-linter?lint=0005_unused_index,"{""name"":""admin_users"",""type"":""table"",""schema"":""public""}",unused_index_public_admin_users_idx_admin_users_role
unused_index,Unused Index,INFO,EXTERNAL,"[""PERFORMANCE""]",Detects if an index has never been used and may be a candidate for removal.,Index \`idx_admin_users_active\` on table \`public.admin_users\` has not been used,https://supabase.com/docs/guides/database/database-linter?lint=0005_unused_index,"{""name"":""admin_users"",""type"":""table"",""schema"":""public""}",unused_index_public_admin_users_idx_admin_users_active
unused_index,Unused Index,INFO,EXTERNAL,"[""PERFORMANCE""]",Detects if an index has never been used and may be a candidate for removal.,Index \`idx_admin_sessions_user_id\` on table \`public.admin_sessions\` has not been used,https://supabase.com/docs/guides/database/database-linter?lint=0005_unused_index,"{""name"":""admin_sessions"",""type"":""table"",""schema"":""public""}",unused_index_public_admin_sessions_idx_admin_sessions_user_id
unused_index,Unused Index,INFO,EXTERNAL,"[""PERFORMANCE""]",Detects if an index has never been used and may be a candidate for removal.,Index \`idx_admin_sessions_expires\` on table \`public.admin_sessions\` has not been used,https://supabase.com/docs/guides/database/database-linter?lint=0005_unused_index,"{""name"":""admin_sessions"",""type"":""table"",""schema"":""public""}",unused_index_public_admin_sessions_idx_admin_sessions_expires
unused_index,Unused Index,INFO,EXTERNAL,"[""PERFORMANCE""]",Detects if an index has never been used and may be a candidate for removal.,Index \`idx_system_settings_key\` on table \`public.system_settings\` has not been used,https://supabase.com/docs/guides/database/database-linter?lint=0005_unused_index,"{""name"":""system_settings"",""type"":""table"",""schema"":""public""}",unused_index_public_system_settings_idx_system_settings_key
unused_index,Unused Index,INFO,EXTERNAL,"[""PERFORMANCE""]",Detects if an index has never been used and may be a candidate for removal.,Index \`idx_system_settings_category\` on table \`public.system_settings\` has not been used,https://supabase.com/docs/guides/database/database-linter?lint=0005_unused_index,"{""name"":""system_settings"",""type"":""table"",""schema"":""public""}",unused_index_public_system_settings_idx_system_settings_category
unused_index,Unused Index,INFO,EXTERNAL,"[""PERFORMANCE""]",Detects if an index has never been used and may be a candidate for removal.,Index \`idx_system_settings_active\` on table \`public.system_settings\` has not been used,https://supabase.com/docs/guides/database/database-linter?lint=0005_unused_index,"{""name"":""system_settings"",""type"":""table"",""schema"":""public""}",unused_index_public_system_settings_idx_system_settings_active
unused_index,Unused Index,INFO,EXTERNAL,"[""PERFORMANCE""]",Detects if an index has never been used and may be a candidate for removal.,Index \`idx_feature_flags_key\` on table \`public.feature_flags\` has not been used,https://supabase.com/docs/guides/database/database-linter?lint=0005_unused_index,"{""name"":""feature_flags"",""type"":""table"",""schema"":""public""}",unused_index_public_feature_flags_idx_feature_flags_key
unused_index,Unused Index,INFO,EXTERNAL,"[""PERFORMANCE""]",Detects if an index has never been used and may be a candidate for removal.,Index \`idx_feature_flags_enabled\` on table \`public.feature_flags\` has not been used,https://supabase.com/docs/guides/database/database-linter?lint=0005_unused_index,"{""name"":""feature_flags"",""type"":""table"",""schema"":""public""}",unused_index_public_feature_flags_idx_feature_flags_enabled
unused_index,Unused Index,INFO,EXTERNAL,"[""PERFORMANCE""]",Detects if an index has never been used and may be a candidate for removal.,Index \`idx_feature_flags_category\` on table \`public.feature_flags\` has not been used,https://supabase.com/docs/guides/database/database-linter?lint=0005_unused_index,"{""name"":""feature_flags"",""type"":""table"",""schema"":""public""}",unused_index_public_feature_flags_idx_feature_flags_category
unused_index,Unused Index,INFO,EXTERNAL,"[""PERFORMANCE""]",Detects if an index has never been used and may be a candidate for removal.,Index \`idx_billing_plans_active\` on table \`public.billing_plans\` has not been used,https://supabase.com/docs/guides/database/database-linter?lint=0005_unused_index,"{""name"":""billing_plans"",""type"":""table"",""schema"":""public""}",unused_index_public_billing_plans_idx_billing_plans_active
unused_index,Unused Index,INFO,EXTERNAL,"[""PERFORMANCE""]",Detects if an index has never been used and may be a candidate for removal.,Index \`idx_billing_plans_sort\` on table \`public.billing_plans\` has not been used,https://supabase.com/docs/guides/database/database-linter?lint=0005_unused_index,"{""name"":""billing_plans"",""type"":""table"",""schema"":""public""}",unused_index_public_billing_plans_idx_billing_plans_sort
unused_index,Unused Index,INFO,EXTERNAL,"[""PERFORMANCE""]",Detects if an index has never been used and may be a candidate for removal.,Index \`idx_user_subscriptions_plan_id\` on table \`public.user_subscriptions\` has not been used,https://supabase.com/docs/guides/database/database-linter?lint=0005_unused_index,"{""name"":""user_subscriptions"",""type"":""table"",""schema"":""public""}",unused_index_public_user_subscriptions_idx_user_subscriptions_plan_id
unused_index,Unused Index,INFO,EXTERNAL,"[""PERFORMANCE""]",Detects if an index has never been used and may be a candidate for removal.,Index \`idx_notification_logs_notification_type\` on table \`public.notification_logs\` has not been used,https://supabase.com/docs/guides/database/database-linter?lint=0005_unused_index,"{""name"":""notification_logs"",""type"":""table"",""schema"":""public""}",unused_index_public_notification_logs_idx_notification_logs_notification_type
unused_index,Unused Index,INFO,EXTERNAL,"[""PERFORMANCE""]",Detects if an index has never been used and may be a candidate for removal.,Index \`idx_notification_logs_status\` on table \`public.notification_logs\` has not been used,https://supabase.com/docs/guides/database/database-linter?lint=0005_unused_index,"{""name"":""notification_logs"",""type"":""table"",""schema"":""public""}",unused_index_public_notification_logs_idx_notification_logs_status
unused_index,Unused Index,INFO,EXTERNAL,"[""PERFORMANCE""]",Detects if an index has never been used and may be a candidate for removal.,Index \`idx_analytics_metric_name\` on table \`public.system_analytics\` has not been used,https://supabase.com/docs/guides/database/database-linter?lint=0005_unused_index,"{""name"":""system_analytics"",""type"":""table"",""schema"":""public""}",unused_index_public_system_analytics_idx_analytics_metric_name
unused_index,Unused Index,INFO,EXTERNAL,"[""PERFORMANCE""]",Detects if an index has never been used and may be a candidate for removal.,Index \`idx_analytics_date_key\` on table \`public.system_analytics\` has not been used,https://supabase.com/docs/guides/database/database-linter?lint=0005_unused_index,"{""name"":""system_analytics"",""type"":""table"",""schema"":""public""}",unused_index_public_system_analytics_idx_analytics_date_key
unused_index,Unused Index,INFO,EXTERNAL,"[""PERFORMANCE""]",Detects if an index has never been used and may be a candidate for removal.,Index \`idx_analytics_recorded_at\` on table \`public.system_analytics\` has not been used,https://supabase.com/docs/guides/database/database-linter?lint=0005_unused_index,"{""name"":""system_analytics"",""type"":""table"",""schema"":""public""}",unused_index_public_system_analytics_idx_analytics_recorded_at
unused_index,Unused Index,INFO,EXTERNAL,"[""PERFORMANCE""]",Detects if an index has never been used and may be a candidate for removal.,Index \`idx_user_sessions_totp_verified\` on table \`public.user_sessions\` has not been used,https://supabase.com/docs/guides/database/database-linter?lint=0005_unused_index,"{""name"":""user_sessions"",""type"":""table"",""schema"":""public""}",unused_index_public_user_sessions_idx_user_sessions_totp_verified
unused_index,Unused Index,INFO,EXTERNAL,"[""PERFORMANCE""]",Detects if an index has never been used and may be a candidate for removal.,Index \`idx_corporate_invitations_account\` on table \`public.corporate_invitations\` has not been used,https://supabase.com/docs/guides/database/database-linter?lint=0005_unused_index,"{""name"":""corporate_invitations"",""type"":""table"",""schema"":""public""}",unused_index_public_corporate_invitations_idx_corporate_invitations_account
unused_index,Unused Index,INFO,EXTERNAL,"[""PERFORMANCE""]",Detects if an index has never been used and may be a candidate for removal.,Index \`idx_corporate_invitations_token\` on table \`public.corporate_invitations\` has not been used,https://supabase.com/docs/guides/database/database-linter?lint=0005_unused_index,"{""name"":""corporate_invitations"",""type"":""table"",""schema"":""public""}",unused_index_public_corporate_invitations_idx_corporate_invitations_token
unused_index,Unused Index,INFO,EXTERNAL,"[""PERFORMANCE""]",Detects if an index has never been used and may be a candidate for removal.,Index \`idx_corporate_invitations_email\` on table \`public.corporate_invitations\` has not been used,https://supabase.com/docs/guides/database/database-linter?lint=0005_unused_index,"{""name"":""corporate_invitations"",""type"":""table"",""schema"":""public""}",unused_index_public_corporate_invitations_idx_corporate_invitations_email
unused_index,Unused Index,INFO,EXTERNAL,"[""PERFORMANCE""]",Detects if an index has never been used and may be a candidate for removal.,Index \`idx_corporate_invitations_status\` on table \`public.corporate_invitations\` has not been used,https://supabase.com/docs/guides/database/database-linter?lint=0005_unused_index,"{""name"":""corporate_invitations"",""type"":""table"",""schema"":""public""}",unused_index_public_corporate_invitations_idx_corporate_invitations_status
unused_index,Unused Index,INFO,EXTERNAL,"[""PERFORMANCE""]",Detects if an index has never been used and may be a candidate for removal.,Index \`idx_signing_requests_expires\` on table \`public.signing_requests\` has not been used,https://supabase.com/docs/guides/database/database-linter?lint=0005_unused_index,"{""name"":""signing_requests"",""type"":""table"",""schema"":""public""}",unused_index_public_signing_requests_idx_signing_requests_expires
unused_index,Unused Index,INFO,EXTERNAL,"[""PERFORMANCE""]",Detects if an index has never been used and may be a candidate for removal.,Index \`idx_signers_signed_at\` on table \`public.signing_request_signers\` has not been used,https://supabase.com/docs/guides/database/database-linter?lint=0005_unused_index,"{""name"":""signing_request_signers"",""type"":""table"",""schema"":""public""}",unused_index_public_signing_request_signers_idx_signers_signed_at
unused_index,Unused Index,INFO,EXTERNAL,"[""PERFORMANCE""]",Detects if an index has never been used and may be a candidate for removal.,Index \`idx_templates_user_status\` on table \`public.document_templates\` has not been used,https://supabase.com/docs/guides/database/database-linter?lint=0005_unused_index,"{""name"":""document_templates"",""type"":""table"",""schema"":""public""}",unused_index_public_document_templates_idx_templates_user_status
unused_index,Unused Index,INFO,EXTERNAL,"[""PERFORMANCE""]",Detects if an index has never been used and may be a candidate for removal.,Index \`idx_templates_user_created\` on table \`public.document_templates\` has not been used,https://supabase.com/docs/guides/database/database-linter?lint=0005_unused_index,"{""name"":""document_templates"",""type"":""table"",""schema"":""public""}",unused_index_public_document_templates_idx_templates_user_created
unused_index,Unused Index,INFO,EXTERNAL,"[""PERFORMANCE""]",Detects if an index has never been used and may be a candidate for removal.,Index \`idx_templates_type\` on table \`public.document_templates\` has not been used,https://supabase.com/docs/guides/database/database-linter?lint=0005_unused_index,"{""name"":""document_templates"",""type"":""table"",""schema"":""public""}",unused_index_public_document_templates_idx_templates_type
unused_index,Unused Index,INFO,EXTERNAL,"[""PERFORMANCE""]",Detects if an index has never been used and may be a candidate for removal.,Index \`idx_meeting_reminders_booking_id\` on table \`public.meeting_reminders\` has not been used,https://supabase.com/docs/guides/database/database-linter?lint=0005_unused_index,"{""name"":""meeting_reminders"",""type"":""table"",""schema"":""public""}",unused_index_public_meeting_reminders_idx_meeting_reminders_booking_id
unused_index,Unused Index,INFO,EXTERNAL,"[""PERFORMANCE""]",Detects if an index has never been used and may be a candidate for removal.,Index \`idx_meeting_reminders_scheduled_at\` on table \`public.meeting_reminders\` has not been used,https://supabase.com/docs/guides/database/database-linter?lint=0005_unused_index,"{""name"":""meeting_reminders"",""type"":""table"",""schema"":""public""}",unused_index_public_meeting_reminders_idx_meeting_reminders_scheduled_at
unused_index,Unused Index,INFO,EXTERNAL,"[""PERFORMANCE""]",Detects if an index has never been used and may be a candidate for removal.,Index \`idx_meeting_reminders_status\` on table \`public.meeting_reminders\` has not been used,https://supabase.com/docs/guides/database/database-linter?lint=0005_unused_index,"{""name"":""meeting_reminders"",""type"":""table"",""schema"":""public""}",unused_index_public_meeting_reminders_idx_meeting_reminders_status
unused_index,Unused Index,INFO,EXTERNAL,"[""PERFORMANCE""]",Detects if an index has never been used and may be a candidate for removal.,Index \`idx_meeting_reminders_type\` on table \`public.meeting_reminders\` has not been used,https://supabase.com/docs/guides/database/database-linter?lint=0005_unused_index,"{""name"":""meeting_reminders"",""type"":""table"",""schema"":""public""}",unused_index_public_meeting_reminders_idx_meeting_reminders_type
unused_index,Unused Index,INFO,EXTERNAL,"[""PERFORMANCE""]",Detects if an index has never been used and may be a candidate for removal.,Index \`idx_documents_search\` on table \`public.documents\` has not been used,https://supabase.com/docs/guides/database/database-linter?lint=0005_unused_index,"{""name"":""documents"",""type"":""table"",""schema"":""public""}",unused_index_public_documents_idx_documents_search
unused_index,Unused Index,INFO,EXTERNAL,"[""PERFORMANCE""]",Detects if an index has never been used and may be a candidate for removal.,Index \`idx_templates_search\` on table \`public.document_templates\` has not been used,https://supabase.com/docs/guides/database/database-linter?lint=0005_unused_index,"{""name"":""document_templates"",""type"":""table"",""schema"":""public""}",unused_index_public_document_templates_idx_templates_search
unused_index,Unused Index,INFO,EXTERNAL,"[""PERFORMANCE""]",Detects if an index has never been used and may be a candidate for removal.,Index \`idx_email_accounts_status\` on table \`public.email_accounts\` has not been used,https://supabase.com/docs/guides/database/database-linter?lint=0005_unused_index,"{""name"":""email_accounts"",""type"":""table"",""schema"":""public""}",unused_index_public_email_accounts_idx_email_accounts_status
unused_index,Unused Index,INFO,EXTERNAL,"[""PERFORMANCE""]",Detects if an index has never been used and may be a candidate for removal.,Index \`idx_send_dataroom_viewer_groups_data_room_id\` on table \`public.send_dataroom_viewer_groups\` has not been used,https://supabase.com/docs/guides/database/database-linter?lint=0005_unused_index,"{""name"":""send_dataroom_viewer_groups"",""type"":""table"",""schema"":""public""}",unused_index_public_send_dataroom_viewer_groups_idx_send_dataroom_viewer_groups_data_room_id
unused_index,Unused Index,INFO,EXTERNAL,"[""PERFORMANCE""]",Detects if an index has never been used and may be a candidate for removal.,Index \`idx_send_dataroom_viewer_groups_created_by\` on table \`public.send_dataroom_viewer_groups\` has not been used,https://supabase.com/docs/guides/database/database-linter?lint=0005_unused_index,"{""name"":""send_dataroom_viewer_groups"",""type"":""table"",""schema"":""public""}",unused_index_public_send_dataroom_viewer_groups_idx_send_dataroom_viewer_groups_created_by
unused_index,Unused Index,INFO,EXTERNAL,"[""PERFORMANCE""]",Detects if an index has never been used and may be a candidate for removal.,Index \`idx_send_dataroom_viewer_groups_is_default\` on table \`public.send_dataroom_viewer_groups\` has not been used,https://supabase.com/docs/guides/database/database-linter?lint=0005_unused_index,"{""name"":""send_dataroom_viewer_groups"",""type"":""table"",""schema"":""public""}",unused_index_public_send_dataroom_viewer_groups_idx_send_dataroom_viewer_groups_is_default
unused_index,Unused Index,INFO,EXTERNAL,"[""PERFORMANCE""]",Detects if an index has never been used and may be a candidate for removal.,Index \`idx_send_dataroom_links_data_room_id\` on table \`public.send_dataroom_links\` has not been used,https://supabase.com/docs/guides/database/database-linter?lint=0005_unused_index,"{""name"":""send_dataroom_links"",""type"":""table"",""schema"":""public""}",unused_index_public_send_dataroom_links_idx_send_dataroom_links_data_room_id
unused_index,Unused Index,INFO,EXTERNAL,"[""PERFORMANCE""]",Detects if an index has never been used and may be a candidate for removal.,Index \`idx_send_dataroom_links_viewer_group_id\` on table \`public.send_dataroom_links\` has not been used,https://supabase.com/docs/guides/database/database-linter?lint=0005_unused_index,"{""name"":""send_dataroom_links"",""type"":""table"",""schema"":""public""}",unused_index_public_send_dataroom_links_idx_send_dataroom_links_viewer_group_id
unused_index,Unused Index,INFO,EXTERNAL,"[""PERFORMANCE""]",Detects if an index has never been used and may be a candidate for removal.,Index \`idx_send_dataroom_links_created_by\` on table \`public.send_dataroom_links\` has not been used,https://supabase.com/docs/guides/database/database-linter?lint=0005_unused_index,"{""name"":""send_dataroom_links"",""type"":""table"",""schema"":""public""}",unused_index_public_send_dataroom_links_idx_send_dataroom_links_created_by
unused_index,Unused Index,INFO,EXTERNAL,"[""PERFORMANCE""]",Detects if an index has never been used and may be a candidate for removal.,Index \`idx_send_dataroom_links_is_active\` on table \`public.send_dataroom_links\` has not been used,https://supabase.com/docs/guides/database/database-linter?lint=0005_unused_index,"{""name"":""send_dataroom_links"",""type"":""table"",""schema"":""public""}",unused_index_public_send_dataroom_links_idx_send_dataroom_links_is_active
unused_index,Unused Index,INFO,EXTERNAL,"[""PERFORMANCE""]",Detects if an index has never been used and may be a candidate for removal.,Index \`idx_send_dataroom_viewer_group_members_viewer_group_id\` on table \`public.send_dataroom_viewer_group_members\` has not been used,https://supabase.com/docs/guides/database/database-linter?lint=0005_unused_index,"{""name"":""send_dataroom_viewer_group_members"",""type"":""table"",""schema"":""public""}",unused_index_public_send_dataroom_viewer_group_members_idx_send_dataroom_viewer_group_members_viewer_group_id
unused_index,Unused Index,INFO,EXTERNAL,"[""PERFORMANCE""]",Detects if an index has never been used and may be a candidate for removal.,Index \`idx_send_dataroom_viewer_group_members_email\` on table \`public.send_dataroom_viewer_group_members\` has not been used,https://supabase.com/docs/guides/database/database-linter?lint=0005_unused_index,"{""name"":""send_dataroom_viewer_group_members"",""type"":""table"",""schema"":""public""}",unused_index_public_send_dataroom_viewer_group_members_idx_send_dataroom_viewer_group_members_email
unused_index,Unused Index,INFO,EXTERNAL,"[""PERFORMANCE""]",Detects if an index has never been used and may be a candidate for removal.,Index \`idx_send_dataroom_viewer_group_members_role\` on table \`public.send_dataroom_viewer_group_members\` has not been used,https://supabase.com/docs/guides/database/database-linter?lint=0005_unused_index,"{""name"":""send_dataroom_viewer_group_members"",""type"":""table"",""schema"":""public""}",unused_index_public_send_dataroom_viewer_group_members_idx_send_dataroom_viewer_group_members_role
unused_index,Unused Index,INFO,EXTERNAL,"[""PERFORMANCE""]",Detects if an index has never been used and may be a candidate for removal.,Index \`idx_send_custom_field_responses_field\` on table \`public.send_custom_field_responses\` has not been used,https://supabase.com/docs/guides/database/database-linter?lint=0005_unused_index,"{""name"":""send_custom_field_responses"",""type"":""table"",""schema"":""public""}",unused_index_public_send_custom_field_responses_idx_send_custom_field_responses_field
unused_index,Unused Index,INFO,EXTERNAL,"[""PERFORMANCE""]",Detects if an index has never been used and may be a candidate for removal.,Index \`idx_send_custom_fields_user\` on table \`public.send_custom_fields\` has not been used,https://supabase.com/docs/guides/database/database-linter?lint=0005_unused_index,"{""name"":""send_custom_fields"",""type"":""table"",""schema"":""public""}",unused_index_public_send_custom_fields_idx_send_custom_fields_user
unused_index,Unused Index,INFO,EXTERNAL,"[""PERFORMANCE""]",Detects if an index has never been used and may be a candidate for removal.,Index \`idx_send_custom_fields_active\` on table \`public.send_custom_fields\` has not been used,https://supabase.com/docs/guides/database/database-linter?lint=0005_unused_index,"{""name"":""send_custom_fields"",""type"":""table"",""schema"":""public""}",unused_index_public_send_custom_fields_idx_send_custom_fields_active
unused_index,Unused Index,INFO,EXTERNAL,"[""PERFORMANCE""]",Detects if an index has never been used and may be a candidate for removal.,Index \`idx_send_dataroom_branding_data_room_id\` on table \`public.send_dataroom_branding\` has not been used,https://supabase.com/docs/guides/database/database-linter?lint=0005_unused_index,"{""name"":""send_dataroom_branding"",""type"":""table"",""schema"":""public""}",unused_index_public_send_dataroom_branding_idx_send_dataroom_branding_data_room_id
unused_index,Unused Index,INFO,EXTERNAL,"[""PERFORMANCE""]",Detects if an index has never been used and may be a candidate for removal.,Index \`idx_send_dataroom_branding_created_by\` on table \`public.send_dataroom_branding\` has not been used,https://supabase.com/docs/guides/database/database-linter?lint=0005_unused_index,"{""name"":""send_dataroom_branding"",""type"":""table"",""schema"":""public""}",unused_index_public_send_dataroom_branding_idx_send_dataroom_branding_created_by
unused_index,Unused Index,INFO,EXTERNAL,"[""PERFORMANCE""]",Detects if an index has never been used and may be a candidate for removal.,Index \`idx_send_dataroom_branding_show_branding\` on table \`public.send_dataroom_branding\` has not been used,https://supabase.com/docs/guides/database/database-linter?lint=0005_unused_index,"{""name"":""send_dataroom_branding"",""type"":""table"",""schema"":""public""}",unused_index_public_send_dataroom_branding_idx_send_dataroom_branding_show_branding
unused_index,Unused Index,INFO,EXTERNAL,"[""PERFORMANCE""]",Detects if an index has never been used and may be a candidate for removal.,Index \`idx_send_branding_templates_category\` on table \`public.send_branding_templates\` has not been used,https://supabase.com/docs/guides/database/database-linter?lint=0005_unused_index,"{""name"":""send_branding_templates"",""type"":""table"",""schema"":""public""}",unused_index_public_send_branding_templates_idx_send_branding_templates_category
unused_index,Unused Index,INFO,EXTERNAL,"[""PERFORMANCE""]",Detects if an index has never been used and may be a candidate for removal.,Index \`idx_send_branding_templates_is_active\` on table \`public.send_branding_templates\` has not been used,https://supabase.com/docs/guides/database/database-linter?lint=0005_unused_index,"{""name"":""send_branding_templates"",""type"":""table"",""schema"":""public""}",unused_index_public_send_branding_templates_idx_send_branding_templates_is_active
unused_index,Unused Index,INFO,EXTERNAL,"[""PERFORMANCE""]",Detects if an index has never been used and may be a candidate for removal.,Index \`idx_send_branding_templates_sort_order\` on table \`public.send_branding_templates\` has not been used,https://supabase.com/docs/guides/database/database-linter?lint=0005_unused_index,"{""name"":""send_branding_templates"",""type"":""table"",""schema"":""public""}",unused_index_public_send_branding_templates_idx_send_branding_templates_sort_order
unused_index,Unused Index,INFO,EXTERNAL,"[""PERFORMANCE""]",Detects if an index has never been used and may be a candidate for removal.,Index \`idx_email_verification_tokens_expires_at\` on table \`public.email_verification_tokens\` has not been used,https://supabase.com/docs/guides/database/database-linter?lint=0005_unused_index,"{""name"":""email_verification_tokens"",""type"":""table"",""schema"":""public""}",unused_index_public_email_verification_tokens_idx_email_verification_tokens_expires_at
unused_index,Unused Index,INFO,EXTERNAL,"[""PERFORMANCE""]",Detects if an index has never been used and may be a candidate for removal.,Index \`idx_send_branding_assets_data_room_id\` on table \`public.send_branding_assets\` has not been used,https://supabase.com/docs/guides/database/database-linter?lint=0005_unused_index,"{""name"":""send_branding_assets"",""type"":""table"",""schema"":""public""}",unused_index_public_send_branding_assets_idx_send_branding_assets_data_room_id
unused_index,Unused Index,INFO,EXTERNAL,"[""PERFORMANCE""]",Detects if an index has never been used and may be a candidate for removal.,Index \`idx_send_branding_assets_asset_type\` on table \`public.send_branding_assets\` has not been used,https://supabase.com/docs/guides/database/database-linter?lint=0005_unused_index,"{""name"":""send_branding_assets"",""type"":""table"",""schema"":""public""}",unused_index_public_send_branding_assets_idx_send_branding_assets_asset_type
unused_index,Unused Index,INFO,EXTERNAL,"[""PERFORMANCE""]",Detects if an index has never been used and may be a candidate for removal.,Index \`idx_send_branding_assets_is_active\` on table \`public.send_branding_assets\` has not been used,https://supabase.com/docs/guides/database/database-linter?lint=0005_unused_index,"{""name"":""send_branding_assets"",""type"":""table"",""schema"":""public""}",unused_index_public_send_branding_assets_idx_send_branding_assets_is_active
unused_index,Unused Index,INFO,EXTERNAL,"[""PERFORMANCE""]",Detects if an index has never been used and may be a candidate for removal.,Index \`idx_advanced_protection_events_severity\` on table \`public.send_advanced_protection_events\` has not been used,https://supabase.com/docs/guides/database/database-linter?lint=0005_unused_index,"{""name"":""send_advanced_protection_events"",""type"":""table"",""schema"":""public""}",unused_index_public_send_advanced_protection_events_idx_advanced_protection_events_severity
unused_index,Unused Index,INFO,EXTERNAL,"[""PERFORMANCE""]",Detects if an index has never been used and may be a candidate for removal.,Index \`idx_advanced_protection_events_timestamp\` on table \`public.send_advanced_protection_events\` has not been used,https://supabase.com/docs/guides/database/database-linter?lint=0005_unused_index,"{""name"":""send_advanced_protection_events"",""type"":""table"",""schema"":""public""}",unused_index_public_send_advanced_protection_events_idx_advanced_protection_events_timestamp
unused_index,Unused Index,INFO,EXTERNAL,"[""PERFORMANCE""]",Detects if an index has never been used and may be a candidate for removal.,Index \`idx_advanced_protection_events_event_type\` on table \`public.send_advanced_protection_events\` has not been used,https://supabase.com/docs/guides/database/database-linter?lint=0005_unused_index,"{""name"":""send_advanced_protection_events"",""type"":""table"",""schema"":""public""}",unused_index_public_send_advanced_protection_events_idx_advanced_protection_events_event_type
unused_index,Unused Index,INFO,EXTERNAL,"[""PERFORMANCE""]",Detects if an index has never been used and may be a candidate for removal.,Index \`idx_export_jobs_user_id\` on table \`public.send_export_jobs\` has not been used,https://supabase.com/docs/guides/database/database-linter?lint=0005_unused_index,"{""name"":""send_export_jobs"",""type"":""table"",""schema"":""public""}",unused_index_public_send_export_jobs_idx_export_jobs_user_id
unused_index,Unused Index,INFO,EXTERNAL,"[""PERFORMANCE""]",Detects if an index has never been used and may be a candidate for removal.,Index \`idx_export_jobs_status\` on table \`public.send_export_jobs\` has not been used,https://supabase.com/docs/guides/database/database-linter?lint=0005_unused_index,"{""name"":""send_export_jobs"",""type"":""table"",""schema"":""public""}",unused_index_public_send_export_jobs_idx_export_jobs_status
unused_index,Unused Index,INFO,EXTERNAL,"[""PERFORMANCE""]",Detects if an index has never been used and may be a candidate for removal.,Index \`idx_export_jobs_created_at\` on table \`public.send_export_jobs\` has not been used,https://supabase.com/docs/guides/database/database-linter?lint=0005_unused_index,"{""name"":""send_export_jobs"",""type"":""table"",""schema"":""public""}",unused_index_public_send_export_jobs_idx_export_jobs_created_at
unused_index,Unused Index,INFO,EXTERNAL,"[""PERFORMANCE""]",Detects if an index has never been used and may be a candidate for removal.,Index \`idx_export_jobs_expires_at\` on table \`public.send_export_jobs\` has not been used,https://supabase.com/docs/guides/database/database-linter?lint=0005_unused_index,"{""name"":""send_export_jobs"",""type"":""table"",""schema"":""public""}",unused_index_public_send_export_jobs_idx_export_jobs_expires_at
unused_index,Unused Index,INFO,EXTERNAL,"[""PERFORMANCE""]",Detects if an index has never been used and may be a candidate for removal.,Index \`idx_document_ndas_acceptor_email\` on table \`public.send_document_ndas\` has not been used,https://supabase.com/docs/guides/database/database-linter?lint=0005_unused_index,"{""name"":""send_document_ndas"",""type"":""table"",""schema"":""public""}",unused_index_public_send_document_ndas_idx_document_ndas_acceptor_email
unused_index,Unused Index,INFO,EXTERNAL,"[""PERFORMANCE""]",Detects if an index has never been used and may be a candidate for removal.,Index \`idx_document_ndas_template_id\` on table \`public.send_document_ndas\` has not been used,https://supabase.com/docs/guides/database/database-linter?lint=0005_unused_index,"{""name"":""send_document_ndas"",""type"":""table"",""schema"":""public""}",unused_index_public_send_document_ndas_idx_document_ndas_template_id
unused_index,Unused Index,INFO,EXTERNAL,"[""PERFORMANCE""]",Detects if an index has never been used and may be a candidate for removal.,Index \`idx_document_ndas_accepted_at\` on table \`public.send_document_ndas\` has not been used,https://supabase.com/docs/guides/database/database-linter?lint=0005_unused_index,"{""name"":""send_document_ndas"",""type"":""table"",""schema"":""public""}",unused_index_public_send_document_ndas_idx_document_ndas_accepted_at
unused_index,Unused Index,INFO,EXTERNAL,"[""PERFORMANCE""]",Detects if an index has never been used and may be a candidate for removal.,Index \`idx_user_profiles_email\` on table \`public.user_profiles\` has not been used,https://supabase.com/docs/guides/database/database-linter?lint=0005_unused_index,"{""name"":""user_profiles"",""type"":""table"",""schema"":""public""}",unused_index_public_user_profiles_idx_user_profiles_email
unused_index,Unused Index,INFO,EXTERNAL,"[""PERFORMANCE""]",Detects if an index has never been used and may be a candidate for removal.,Index \`idx_meeting_types_user_id\` on table \`public.meeting_types\` has not been used,https://supabase.com/docs/guides/database/database-linter?lint=0005_unused_index,"{""name"":""meeting_types"",""type"":""table"",""schema"":""public""}",unused_index_public_meeting_types_idx_meeting_types_user_id
unused_index,Unused Index,INFO,EXTERNAL,"[""PERFORMANCE""]",Detects if an index has never been used and may be a candidate for removal.,Index \`idx_meeting_types_active\` on table \`public.meeting_types\` has not been used,https://supabase.com/docs/guides/database/database-linter?lint=0005_unused_index,"{""name"":""meeting_types"",""type"":""table"",""schema"":""public""}",unused_index_public_meeting_types_idx_meeting_types_active
unused_index,Unused Index,INFO,EXTERNAL,"[""PERFORMANCE""]",Detects if an index has never been used and may be a candidate for removal.,Index \`idx_send_dataroom_collaborators_data_room_id\` on table \`public.send_dataroom_collaborators\` has not been used,https://supabase.com/docs/guides/database/database-linter?lint=0005_unused_index,"{""name"":""send_dataroom_collaborators"",""type"":""table"",""schema"":""public""}",unused_index_public_send_dataroom_collaborators_idx_send_dataroom_collaborators_data_room_id
unused_index,Unused Index,INFO,EXTERNAL,"[""PERFORMANCE""]",Detects if an index has never been used and may be a candidate for removal.,Index \`idx_send_dataroom_collaborators_email\` on table \`public.send_dataroom_collaborators\` has not been used,https://supabase.com/docs/guides/database/database-linter?lint=0005_unused_index,"{""name"":""send_dataroom_collaborators"",""type"":""table"",""schema"":""public""}",unused_index_public_send_dataroom_collaborators_idx_send_dataroom_collaborators_email
unused_index,Unused Index,INFO,EXTERNAL,"[""PERFORMANCE""]",Detects if an index has never been used and may be a candidate for removal.,Index \`idx_send_dataroom_collaborators_status\` on table \`public.send_dataroom_collaborators\` has not been used,https://supabase.com/docs/guides/database/database-linter?lint=0005_unused_index,"{""name"":""send_dataroom_collaborators"",""type"":""table"",""schema"":""public""}",unused_index_public_send_dataroom_collaborators_idx_send_dataroom_collaborators_status
unused_index,Unused Index,INFO,EXTERNAL,"[""PERFORMANCE""]",Detects if an index has never been used and may be a candidate for removal.,Index \`idx_send_dataroom_collaborators_role\` on table \`public.send_dataroom_collaborators\` has not been used,https://supabase.com/docs/guides/database/database-linter?lint=0005_unused_index,"{""name"":""send_dataroom_collaborators"",""type"":""table"",""schema"":""public""}",unused_index_public_send_dataroom_collaborators_idx_send_dataroom_collaborators_role
unused_index,Unused Index,INFO,EXTERNAL,"[""PERFORMANCE""]",Detects if an index has never been used and may be a candidate for removal.,Index \`idx_send_dataroom_collaborators_invitation_token\` on table \`public.send_dataroom_collaborators\` has not been used,https://supabase.com/docs/guides/database/database-linter?lint=0005_unused_index,"{""name"":""send_dataroom_collaborators"",""type"":""table"",""schema"":""public""}",unused_index_public_send_dataroom_collaborators_idx_send_dataroom_collaborators_invitation_token
unused_index,Unused Index,INFO,EXTERNAL,"[""PERFORMANCE""]",Detects if an index has never been used and may be a candidate for removal.,Index \`idx_send_dataroom_collaborators_invited_by\` on table \`public.send_dataroom_collaborators\` has not been used,https://supabase.com/docs/guides/database/database-linter?lint=0005_unused_index,"{""name"":""send_dataroom_collaborators"",""type"":""table"",""schema"":""public""}",unused_index_public_send_dataroom_collaborators_idx_send_dataroom_collaborators_invited_by
unused_index,Unused Index,INFO,EXTERNAL,"[""PERFORMANCE""]",Detects if an index has never been used and may be a candidate for removal.,Index \`idx_send_collaborator_activities_collaborator_id\` on table \`public.send_collaborator_activities\` has not been used,https://supabase.com/docs/guides/database/database-linter?lint=0005_unused_index,"{""name"":""send_collaborator_activities"",""type"":""table"",""schema"":""public""}",unused_index_public_send_collaborator_activities_idx_send_collaborator_activities_collaborator_id
unused_index,Unused Index,INFO,EXTERNAL,"[""PERFORMANCE""]",Detects if an index has never been used and may be a candidate for removal.,Index \`idx_send_collaborator_activities_data_room_id\` on table \`public.send_collaborator_activities\` has not been used,https://supabase.com/docs/guides/database/database-linter?lint=0005_unused_index,"{""name"":""send_collaborator_activities"",""type"":""table"",""schema"":""public""}",unused_index_public_send_collaborator_activities_idx_send_collaborator_activities_data_room_id
unused_index,Unused Index,INFO,EXTERNAL,"[""PERFORMANCE""]",Detects if an index has never been used and may be a candidate for removal.,Index \`idx_send_collaborator_activities_activity_type\` on table \`public.send_collaborator_activities\` has not been used,https://supabase.com/docs/guides/database/database-linter?lint=0005_unused_index,"{""name"":""send_collaborator_activities"",""type"":""table"",""schema"":""public""}",unused_index_public_send_collaborator_activities_idx_send_collaborator_activities_activity_type
unused_index,Unused Index,INFO,EXTERNAL,"[""PERFORMANCE""]",Detects if an index has never been used and may be a candidate for removal.,Index \`idx_send_collaborator_activities_created_at\` on table \`public.send_collaborator_activities\` has not been used,https://supabase.com/docs/guides/database/database-linter?lint=0005_unused_index,"{""name"":""send_collaborator_activities"",""type"":""table"",""schema"":""public""}",unused_index_public_send_collaborator_activities_idx_send_collaborator_activities_created_at
unused_index,Unused Index,INFO,EXTERNAL,"[""PERFORMANCE""]",Detects if an index has never been used and may be a candidate for removal.,Index \`idx_send_collaborator_upload_permissions_collaborator_id\` on table \`public.send_collaborator_upload_permissions\` has not been used,https://supabase.com/docs/guides/database/database-linter?lint=0005_unused_index,"{""name"":""send_collaborator_upload_permissions"",""type"":""table"",""schema"":""public""}",unused_index_public_send_collaborator_upload_permissions_idx_send_collaborator_upload_permissions_collaborator_id
unused_index,Unused Index,INFO,EXTERNAL,"[""PERFORMANCE""]",Detects if an index has never been used and may be a candidate for removal.,Index \`idx_send_collaborator_upload_permissions_data_room_id\` on table \`public.send_collaborator_upload_permissions\` has not been used,https://supabase.com/docs/guides/database/database-linter?lint=0005_unused_index,"{""name"":""send_collaborator_upload_permissions"",""type"":""table"",""schema"":""public""}",unused_index_public_send_collaborator_upload_permissions_idx_send_collaborator_upload_permissions_data_room_id
unused_index,Unused Index,INFO,EXTERNAL,"[""PERFORMANCE""]",Detects if an index has never been used and may be a candidate for removal.,Index \`idx_send_pending_uploads_collaborator_id\` on table \`public.send_pending_uploads\` has not been used,https://supabase.com/docs/guides/database/database-linter?lint=0005_unused_index,"{""name"":""send_pending_uploads"",""type"":""table"",""schema"":""public""}",unused_index_public_send_pending_uploads_idx_send_pending_uploads_collaborator_id
unused_index,Unused Index,INFO,EXTERNAL,"[""PERFORMANCE""]",Detects if an index has never been used and may be a candidate for removal.,Index \`idx_send_pending_uploads_data_room_id\` on table \`public.send_pending_uploads\` has not been used,https://supabase.com/docs/guides/database/database-linter?lint=0005_unused_index,"{""name"":""send_pending_uploads"",""type"":""table"",""schema"":""public""}",unused_index_public_send_pending_uploads_idx_send_pending_uploads_data_room_id
unused_index,Unused Index,INFO,EXTERNAL,"[""PERFORMANCE""]",Detects if an index has never been used and may be a candidate for removal.,Index \`idx_send_pending_uploads_status\` on table \`public.send_pending_uploads\` has not been used,https://supabase.com/docs/guides/database/database-linter?lint=0005_unused_index,"{""name"":""send_pending_uploads"",""type"":""table"",""schema"":""public""}",unused_index_public_send_pending_uploads_idx_send_pending_uploads_status
unused_index,Unused Index,INFO,EXTERNAL,"[""PERFORMANCE""]",Detects if an index has never been used and may be a candidate for removal.,Index \`idx_send_pending_uploads_expires_at\` on table \`public.send_pending_uploads\` has not been used,https://supabase.com/docs/guides/database/database-linter?lint=0005_unused_index,"{""name"":""send_pending_uploads"",""type"":""table"",""schema"":""public""}",unused_index_public_send_pending_uploads_idx_send_pending_uploads_expires_at
unused_index,Unused Index,INFO,EXTERNAL,"[""PERFORMANCE""]",Detects if an index has never been used and may be a candidate for removal.,Index \`idx_meeting_bookings_created_at\` on table \`public.meeting_bookings\` has not been used,https://supabase.com/docs/guides/database/database-linter?lint=0005_unused_index,"{""name"":""meeting_bookings"",""type"":""table"",""schema"":""public""}",unused_index_public_meeting_bookings_idx_meeting_bookings_created_at
unused_index,Unused Index,INFO,EXTERNAL,"[""PERFORMANCE""]",Detects if an index has never been used and may be a candidate for removal.,Index \`idx_meeting_availability_user_id\` on table \`public.meeting_availability\` has not been used,https://supabase.com/docs/guides/database/database-linter?lint=0005_unused_index,"{""name"":""meeting_availability"",""type"":""table"",""schema"":""public""}",unused_index_public_meeting_availability_idx_meeting_availability_user_id
unused_index,Unused Index,INFO,EXTERNAL,"[""PERFORMANCE""]",Detects if an index has never been used and may be a candidate for removal.,Index \`idx_meeting_availability_day\` on table \`public.meeting_availability\` has not been used,https://supabase.com/docs/guides/database/database-linter?lint=0005_unused_index,"{""name"":""meeting_availability"",""type"":""table"",""schema"":""public""}",unused_index_public_meeting_availability_idx_meeting_availability_day
unused_index,Unused Index,INFO,EXTERNAL,"[""PERFORMANCE""]",Detects if an index has never been used and may be a candidate for removal.,Index \`idx_meeting_documents_booking_id\` on table \`public.meeting_documents\` has not been used,https://supabase.com/docs/guides/database/database-linter?lint=0005_unused_index,"{""name"":""meeting_documents"",""type"":""table"",""schema"":""public""}",unused_index_public_meeting_documents_idx_meeting_documents_booking_id
unused_index,Unused Index,INFO,EXTERNAL,"[""PERFORMANCE""]",Detects if an index has never been used and may be a candidate for removal.,Index \`idx_meeting_bookings_meeting_type_id\` on table \`public.meeting_bookings\` has not been used,https://supabase.com/docs/guides/database/database-linter?lint=0005_unused_index,"{""name"":""meeting_bookings"",""type"":""table"",""schema"":""public""}",unused_index_public_meeting_bookings_idx_meeting_bookings_meeting_type_id
unused_index,Unused Index,INFO,EXTERNAL,"[""PERFORMANCE""]",Detects if an index has never been used and may be a candidate for removal.,Index \`idx_meeting_bookings_host_user_id\` on table \`public.meeting_bookings\` has not been used,https://supabase.com/docs/guides/database/database-linter?lint=0005_unused_index,"{""name"":""meeting_bookings"",""type"":""table"",""schema"":""public""}",unused_index_public_meeting_bookings_idx_meeting_bookings_host_user_id
unused_index,Unused Index,INFO,EXTERNAL,"[""PERFORMANCE""]",Detects if an index has never been used and may be a candidate for removal.,Index \`idx_meeting_bookings_scheduled_at\` on table \`public.meeting_bookings\` has not been used,https://supabase.com/docs/guides/database/database-linter?lint=0005_unused_index,"{""name"":""meeting_bookings"",""type"":""table"",""schema"":""public""}",unused_index_public_meeting_bookings_idx_meeting_bookings_scheduled_at
unused_index,Unused Index,INFO,EXTERNAL,"[""PERFORMANCE""]",Detects if an index has never been used and may be a candidate for removal.,Index \`idx_meeting_bookings_status\` on table \`public.meeting_bookings\` has not been used,https://supabase.com/docs/guides/database/database-linter?lint=0005_unused_index,"{""name"":""meeting_bookings"",""type"":""table"",""schema"":""public""}",unused_index_public_meeting_bookings_idx_meeting_bookings_status
unused_index,Unused Index,INFO,EXTERNAL,"[""PERFORMANCE""]",Detects if an index has never been used and may be a candidate for removal.,Index \`idx_meeting_bookings_guest_email\` on table \`public.meeting_bookings\` has not been used,https://supabase.com/docs/guides/database/database-linter?lint=0005_unused_index,"{""name"":""meeting_bookings"",""type"":""table"",""schema"":""public""}",unused_index_public_meeting_bookings_idx_meeting_bookings_guest_email
unused_index,Unused Index,INFO,EXTERNAL,"[""PERFORMANCE""]",Detects if an index has never been used and may be a candidate for removal.,Index \`idx_meeting_bookings_token\` on table \`public.meeting_bookings\` has not been used,https://supabase.com/docs/guides/database/database-linter?lint=0005_unused_index,"{""name"":""meeting_bookings"",""type"":""table"",""schema"":""public""}",unused_index_public_meeting_bookings_idx_meeting_bookings_token
unused_index,Unused Index,INFO,EXTERNAL,"[""PERFORMANCE""]",Detects if an index has never been used and may be a candidate for removal.,Index \`idx_meeting_documents_status\` on table \`public.meeting_documents\` has not been used,https://supabase.com/docs/guides/database/database-linter?lint=0005_unused_index,"{""name"":""meeting_documents"",""type"":""table"",""schema"":""public""}",unused_index_public_meeting_documents_idx_meeting_documents_status
unused_index,Unused Index,INFO,EXTERNAL,"[""PERFORMANCE""]",Detects if an index has never been used and may be a candidate for removal.,Index \`idx_meeting_workflows_meeting_type_id\` on table \`public.meeting_workflows\` has not been used,https://supabase.com/docs/guides/database/database-linter?lint=0005_unused_index,"{""name"":""meeting_workflows"",""type"":""table"",""schema"":""public""}",unused_index_public_meeting_workflows_idx_meeting_workflows_meeting_type_id
unused_index,Unused Index,INFO,EXTERNAL,"[""PERFORMANCE""]",Detects if an index has never been used and may be a candidate for removal.,Index \`idx_meeting_workflows_trigger_event\` on table \`public.meeting_workflows\` has not been used,https://supabase.com/docs/guides/database/database-linter?lint=0005_unused_index,"{""name"":""meeting_workflows"",""type"":""table"",""schema"":""public""}",unused_index_public_meeting_workflows_idx_meeting_workflows_trigger_event
unused_index,Unused Index,INFO,EXTERNAL,"[""PERFORMANCE""]",Detects if an index has never been used and may be a candidate for removal.,Index \`idx_meeting_workflows_active\` on table \`public.meeting_workflows\` has not been used,https://supabase.com/docs/guides/database/database-linter?lint=0005_unused_index,"{""name"":""meeting_workflows"",""type"":""table"",""schema"":""public""}",unused_index_public_meeting_workflows_idx_meeting_workflows_active
unused_index,Unused Index,INFO,EXTERNAL,"[""PERFORMANCE""]",Detects if an index has never been used and may be a candidate for removal.,Index \`idx_meeting_analytics_user_id\` on table \`public.meeting_analytics\` has not been used,https://supabase.com/docs/guides/database/database-linter?lint=0005_unused_index,"{""name"":""meeting_analytics"",""type"":""table"",""schema"":""public""}",unused_index_public_meeting_analytics_idx_meeting_analytics_user_id
unused_index,Unused Index,INFO,EXTERNAL,"[""PERFORMANCE""]",Detects if an index has never been used and may be a candidate for removal.,Index \`idx_meeting_analytics_meeting_type_id\` on table \`public.meeting_analytics\` has not been used,https://supabase.com/docs/guides/database/database-linter?lint=0005_unused_index,"{""name"":""meeting_analytics"",""type"":""table"",""schema"":""public""}",unused_index_public_meeting_analytics_idx_meeting_analytics_meeting_type_id
unused_index,Unused Index,INFO,EXTERNAL,"[""PERFORMANCE""]",Detects if an index has never been used and may be a candidate for removal.,Index \`idx_email_api_keys_hash\` on table \`public.email_api_keys\` has not been used,https://supabase.com/docs/guides/database/database-linter?lint=0005_unused_index,"{""name"":""email_api_keys"",""type"":""table"",""schema"":""public""}",unused_index_public_email_api_keys_idx_email_api_keys_hash
unused_index,Unused Index,INFO,EXTERNAL,"[""PERFORMANCE""]",Detects if an index has never been used and may be a candidate for removal.,Index \`idx_email_api_keys_account_active\` on table \`public.email_api_keys\` has not been used,https://supabase.com/docs/guides/database/database-linter?lint=0005_unused_index,"{""name"":""email_api_keys"",""type"":""table"",""schema"":""public""}",unused_index_public_email_api_keys_idx_email_api_keys_account_active
unused_index,Unused Index,INFO,EXTERNAL,"[""PERFORMANCE""]",Detects if an index has never been used and may be a candidate for removal.,Index \`idx_email_messages_status\` on table \`public.email_messages\` has not been used,https://supabase.com/docs/guides/database/database-linter?lint=0005_unused_index,"{""name"":""email_messages"",""type"":""table"",""schema"":""public""}",unused_index_public_email_messages_idx_email_messages_status
unused_index,Unused Index,INFO,EXTERNAL,"[""PERFORMANCE""]",Detects if an index has never been used and may be a candidate for removal.,Index \`idx_email_messages_external_id\` on table \`public.email_messages\` has not been used,https://supabase.com/docs/guides/database/database-linter?lint=0005_unused_index,"{""name"":""email_messages"",""type"":""table"",""schema"":""public""}",unused_index_public_email_messages_idx_email_messages_external_id
unused_index,Unused Index,INFO,EXTERNAL,"[""PERFORMANCE""]",Detects if an index has never been used and may be a candidate for removal.,Index \`idx_email_messages_from_email\` on table \`public.email_messages\` has not been used,https://supabase.com/docs/guides/database/database-linter?lint=0005_unused_index,"{""name"":""email_messages"",""type"":""table"",""schema"":""public""}",unused_index_public_email_messages_idx_email_messages_from_email
unused_index,Unused Index,INFO,EXTERNAL,"[""PERFORMANCE""]",Detects if an index has never been used and may be a candidate for removal.,Index \`idx_email_events_message_timestamp\` on table \`public.email_events\` has not been used,https://supabase.com/docs/guides/database/database-linter?lint=0005_unused_index,"{""name"":""email_events"",""type"":""table"",""schema"":""public""}",unused_index_public_email_events_idx_email_events_message_timestamp
unused_index,Unused Index,INFO,EXTERNAL,"[""PERFORMANCE""]",Detects if an index has never been used and may be a candidate for removal.,Index \`idx_email_events_type_timestamp\` on table \`public.email_events\` has not been used,https://supabase.com/docs/guides/database/database-linter?lint=0005_unused_index,"{""name"":""email_events"",""type"":""table"",""schema"":""public""}",unused_index_public_email_events_idx_email_events_type_timestamp
unused_index,Unused Index,INFO,EXTERNAL,"[""PERFORMANCE""]",Detects if an index has never been used and may be a candidate for removal.,Index \`idx_email_suppression_account_email\` on table \`public.email_suppression_list\` has not been used,https://supabase.com/docs/guides/database/database-linter?lint=0005_unused_index,"{""name"":""email_suppression_list"",""type"":""table"",""schema"":""public""}",unused_index_public_email_suppression_list_idx_email_suppression_account_email
unused_index,Unused Index,INFO,EXTERNAL,"[""PERFORMANCE""]",Detects if an index has never been used and may be a candidate for removal.,Index \`idx_email_usage_account_period\` on table \`public.email_usage_records\` has not been used,https://supabase.com/docs/guides/database/database-linter?lint=0005_unused_index,"{""name"":""email_usage_records"",""type"":""table"",""schema"":""public""}",unused_index_public_email_usage_records_idx_email_usage_account_period
unused_index,Unused Index,INFO,EXTERNAL,"[""PERFORMANCE""]",Detects if an index has never been used and may be a candidate for removal.,Index \`idx_admin_activity_logs_admin_id\` on table \`public.admin_activity_logs\` has not been used,https://supabase.com/docs/guides/database/database-linter?lint=0005_unused_index,"{""name"":""admin_activity_logs"",""type"":""table"",""schema"":""public""}",unused_index_public_admin_activity_logs_idx_admin_activity_logs_admin_id
unused_index,Unused Index,INFO,EXTERNAL,"[""PERFORMANCE""]",Detects if an index has never been used and may be a candidate for removal.,Index \`idx_api_keys_created_by\` on table \`public.api_keys\` has not been used,https://supabase.com/docs/guides/database/database-linter?lint=0005_unused_index,"{""name"":""api_keys"",""type"":""table"",""schema"":""public""}",unused_index_public_api_keys_idx_api_keys_created_by
unused_index,Unused Index,INFO,EXTERNAL,"[""PERFORMANCE""]",Detects if an index has never been used and may be a candidate for removal.,Index \`idx_corporate_access_requests_reviewed_by\` on table \`public.corporate_access_requests\` has not been used,https://supabase.com/docs/guides/database/database-linter?lint=0005_unused_index,"{""name"":""corporate_access_requests"",""type"":""table"",""schema"":""public""}",unused_index_public_corporate_access_requests_idx_corporate_access_requests_reviewed_by
unused_index,Unused Index,INFO,EXTERNAL,"[""PERFORMANCE""]",Detects if an index has never been used and may be a candidate for removal.,Index \`idx_corporate_audit_logs_target_user_id\` on table \`public.corporate_audit_logs\` has not been used,https://supabase.com/docs/guides/database/database-linter?lint=0005_unused_index,"{""name"":""corporate_audit_logs"",""type"":""table"",""schema"":""public""}",unused_index_public_corporate_audit_logs_idx_corporate_audit_logs_target_user_id
unused_index,Unused Index,INFO,EXTERNAL,"[""PERFORMANCE""]",Detects if an index has never been used and may be a candidate for removal.,Index \`idx_corporate_invitations_invited_by\` on table \`public.corporate_invitations\` has not been used,https://supabase.com/docs/guides/database/database-linter?lint=0005_unused_index,"{""name"":""corporate_invitations"",""type"":""table"",""schema"":""public""}",unused_index_public_corporate_invitations_idx_corporate_invitations_invited_by
unused_index,Unused Index,INFO,EXTERNAL,"[""PERFORMANCE""]",Detects if an index has never been used and may be a candidate for removal.,Index \`idx_document_categories_user_id\` on table \`public.document_categories\` has not been used,https://supabase.com/docs/guides/database/database-linter?lint=0005_unused_index,"{""name"":""document_categories"",""type"":""table"",""schema"":""public""}",unused_index_public_document_categories_idx_document_categories_user_id
unused_index,Unused Index,INFO,EXTERNAL,"[""PERFORMANCE""]",Detects if an index has never been used and may be a candidate for removal.,Index \`idx_document_types_user_id\` on table \`public.document_types\` has not been used,https://supabase.com/docs/guides/database/database-linter?lint=0005_unused_index,"{""name"":""document_types"",""type"":""table"",""schema"":""public""}",unused_index_public_document_types_idx_document_types_user_id
unused_index,Unused Index,INFO,EXTERNAL,"[""PERFORMANCE""]",Detects if an index has never been used and may be a candidate for removal.,Index \`idx_email_logs_document_id\` on table \`public.email_logs\` has not been used,https://supabase.com/docs/guides/database/database-linter?lint=0005_unused_index,"{""name"":""email_logs"",""type"":""table"",""schema"":""public""}",unused_index_public_email_logs_idx_email_logs_document_id
unused_index,Unused Index,INFO,EXTERNAL,"[""PERFORMANCE""]",Detects if an index has never been used and may be a candidate for removal.,Index \`idx_email_logs_signature_id\` on table \`public.email_logs\` has not been used,https://supabase.com/docs/guides/database/database-linter?lint=0005_unused_index,"{""name"":""email_logs"",""type"":""table"",""schema"":""public""}",unused_index_public_email_logs_idx_email_logs_signature_id
unused_index,Unused Index,INFO,EXTERNAL,"[""PERFORMANCE""]",Detects if an index has never been used and may be a candidate for removal.,Index \`idx_email_messages_template_id\` on table \`public.email_messages\` has not been used,https://supabase.com/docs/guides/database/database-linter?lint=0005_unused_index,"{""name"":""email_messages"",""type"":""table"",""schema"":""public""}",unused_index_public_email_messages_idx_email_messages_template_id
unused_index,Unused Index,INFO,EXTERNAL,"[""PERFORMANCE""]",Detects if an index has never been used and may be a candidate for removal.,Index \`idx_email_templates_created_by\` on table \`public.email_templates\` has not been used,https://supabase.com/docs/guides/database/database-linter?lint=0005_unused_index,"{""name"":""email_templates"",""type"":""table"",""schema"":""public""}",unused_index_public_email_templates_idx_email_templates_created_by
unused_index,Unused Index,INFO,EXTERNAL,"[""PERFORMANCE""]",Detects if an index has never been used and may be a candidate for removal.,Index \`idx_feature_flags_updated_by\` on table \`public.feature_flags\` has not been used,https://supabase.com/docs/guides/database/database-linter?lint=0005_unused_index,"{""name"":""feature_flags"",""type"":""table"",""schema"":""public""}",unused_index_public_feature_flags_idx_feature_flags_updated_by
unused_index,Unused Index,INFO,EXTERNAL,"[""PERFORMANCE""]",Detects if an index has never been used and may be a candidate for removal.,Index \`idx_meeting_organization_settings_user_id\` on table \`public.meeting_organization_settings\` has not been used,https://supabase.com/docs/guides/database/database-linter?lint=0005_unused_index,"{""name"":""meeting_organization_settings"",""type"":""table"",""schema"":""public""}",unused_index_public_meeting_organization_settings_idx_meeting_organization_settings_user_id
unused_index,Unused Index,INFO,EXTERNAL,"[""PERFORMANCE""]",Detects if an index has never been used and may be a candidate for removal.,Index \`idx_meeting_payment_transactions_booking_id\` on table \`public.meeting_payment_transactions\` has not been used,https://supabase.com/docs/guides/database/database-linter?lint=0005_unused_index,"{""name"":""meeting_payment_transactions"",""type"":""table"",""schema"":""public""}",unused_index_public_meeting_payment_transactions_idx_meeting_payment_transactions_booking_id
unused_index,Unused Index,INFO,EXTERNAL,"[""PERFORMANCE""]",Detects if an index has never been used and may be a candidate for removal.,Index \`idx_meeting_team_availability_meeting_type_id\` on table \`public.meeting_team_availability\` has not been used,https://supabase.com/docs/guides/database/database-linter?lint=0005_unused_index,"{""name"":""meeting_team_availability"",""type"":""table"",""schema"":""public""}",unused_index_public_meeting_team_availability_idx_meeting_team_availability_meeting_type_id
unused_index,Unused Index,INFO,EXTERNAL,"[""PERFORMANCE""]",Detects if an index has never been used and may be a candidate for removal.,Index \`idx_meeting_team_availability_user_id\` on table \`public.meeting_team_availability\` has not been used,https://supabase.com/docs/guides/database/database-linter?lint=0005_unused_index,"{""name"":""meeting_team_availability"",""type"":""table"",""schema"":""public""}",unused_index_public_meeting_team_availability_idx_meeting_team_availability_user_id
unused_index,Unused Index,INFO,EXTERNAL,"[""PERFORMANCE""]",Detects if an index has never been used and may be a candidate for removal.,Index \`idx_meeting_video_links_booking_id\` on table \`public.meeting_video_links\` has not been used,https://supabase.com/docs/guides/database/database-linter?lint=0005_unused_index,"{""name"":""meeting_video_links"",""type"":""table"",""schema"":""public""}",unused_index_public_meeting_video_links_idx_meeting_video_links_booking_id
unused_index,Unused Index,INFO,EXTERNAL,"[""PERFORMANCE""]",Detects if an index has never been used and may be a candidate for removal.,Index \`idx_meeting_workflow_templates_created_by\` on table \`public.meeting_workflow_templates\` has not been used,https://supabase.com/docs/guides/database/database-linter?lint=0005_unused_index,"{""name"":""meeting_workflow_templates"",""type"":""table"",""schema"":""public""}",unused_index_public_meeting_workflow_templates_idx_meeting_workflow_templates_created_by
unused_index,Unused Index,INFO,EXTERNAL,"[""PERFORMANCE""]",Detects if an index has never been used and may be a candidate for removal.,Index \`idx_payment_history_subscription_id\` on table \`public.payment_history\` has not been used,https://supabase.com/docs/guides/database/database-linter?lint=0005_unused_index,"{""name"":""payment_history"",""type"":""table"",""schema"":""public""}",unused_index_public_payment_history_idx_payment_history_subscription_id
unused_index,Unused Index,INFO,EXTERNAL,"[""PERFORMANCE""]",Detects if an index has never been used and may be a candidate for removal.,Index \`idx_security_events_resolved_by\` on table \`public.security_events\` has not been used,https://supabase.com/docs/guides/database/database-linter?lint=0005_unused_index,"{""name"":""security_events"",""type"":""table"",""schema"":""public""}",unused_index_public_security_events_idx_security_events_resolved_by
unused_index,Unused Index,INFO,EXTERNAL,"[""PERFORMANCE""]",Detects if an index has never been used and may be a candidate for removal.,Index \`idx_send_advanced_protection_events_document_id\` on table \`public.send_advanced_protection_events\` has not been used,https://supabase.com/docs/guides/database/database-linter?lint=0005_unused_index,"{""name"":""send_advanced_protection_events"",""type"":""table"",""schema"":""public""}",unused_index_public_send_advanced_protection_events_idx_send_advanced_protection_events_document_id
unused_index,Unused Index,INFO,EXTERNAL,"[""PERFORMANCE""]",Detects if an index has never been used and may be a candidate for removal.,Index \`idx_send_branding_assets_uploaded_by\` on table \`public.send_branding_assets\` has not been used,https://supabase.com/docs/guides/database/database-linter?lint=0005_unused_index,"{""name"":""send_branding_assets"",""type"":""table"",""schema"":""public""}",unused_index_public_send_branding_assets_idx_send_branding_assets_uploaded_by
unused_index,Unused Index,INFO,EXTERNAL,"[""PERFORMANCE""]",Detects if an index has never been used and may be a candidate for removal.,Index \`idx_send_branding_templates_created_by\` on table \`public.send_branding_templates\` has not been used,https://supabase.com/docs/guides/database/database-linter?lint=0005_unused_index,"{""name"":""send_branding_templates"",""type"":""table"",""schema"":""public""}",unused_index_public_send_branding_templates_idx_send_branding_templates_created_by
unused_index,Unused Index,INFO,EXTERNAL,"[""PERFORMANCE""]",Detects if an index has never been used and may be a candidate for removal.,Index \`idx_send_collaborator_upload_permissions_created_by\` on table \`public.send_collaborator_upload_permissions\` has not been used,https://supabase.com/docs/guides/database/database-linter?lint=0005_unused_index,"{""name"":""send_collaborator_upload_permissions"",""type"":""table"",""schema"":""public""}",unused_index_public_send_collaborator_upload_permissions_idx_send_collaborator_upload_permissions_created_by
unused_index,Unused Index,INFO,EXTERNAL,"[""PERFORMANCE""]",Detects if an index has never been used and may be a candidate for removal.,Index \`idx_send_conversation_messages_conversation_id\` on table \`public.send_conversation_messages\` has not been used,https://supabase.com/docs/guides/database/database-linter?lint=0005_unused_index,"{""name"":""send_conversation_messages"",""type"":""table"",""schema"":""public""}",unused_index_public_send_conversation_messages_idx_send_conversation_messages_conversation_id
unused_index,Unused Index,INFO,EXTERNAL,"[""PERFORMANCE""]",Detects if an index has never been used and may be a candidate for removal.,Index \`idx_send_conversation_messages_participant_id\` on table \`public.send_conversation_messages\` has not been used,https://supabase.com/docs/guides/database/database-linter?lint=0005_unused_index,"{""name"":""send_conversation_messages"",""type"":""table"",""schema"":""public""}",unused_index_public_send_conversation_messages_idx_send_conversation_messages_participant_id
unused_index,Unused Index,INFO,EXTERNAL,"[""PERFORMANCE""]",Detects if an index has never been used and may be a candidate for removal.,Index \`idx_send_conversation_messages_reply_to_id\` on table \`public.send_conversation_messages\` has not been used,https://supabase.com/docs/guides/database/database-linter?lint=0005_unused_index,"{""name"":""send_conversation_messages"",""type"":""table"",""schema"":""public""}",unused_index_public_send_conversation_messages_idx_send_conversation_messages_reply_to_id
unused_index,Unused Index,INFO,EXTERNAL,"[""PERFORMANCE""]",Detects if an index has never been used and may be a candidate for removal.,Index \`idx_send_conversations_data_room_id\` on table \`public.send_conversations\` has not been used,https://supabase.com/docs/guides/database/database-linter?lint=0005_unused_index,"{""name"":""send_conversations"",""type"":""table"",""schema"":""public""}",unused_index_public_send_conversations_idx_send_conversations_data_room_id
unused_index,Unused Index,INFO,EXTERNAL,"[""PERFORMANCE""]",Detects if an index has never been used and may be a candidate for removal.,Index \`idx_send_conversations_document_id\` on table \`public.send_conversations\` has not been used,https://supabase.com/docs/guides/database/database-linter?lint=0005_unused_index,"{""name"":""send_conversations"",""type"":""table"",""schema"":""public""}",unused_index_public_send_conversations_idx_send_conversations_document_id
unused_index,Unused Index,INFO,EXTERNAL,"[""PERFORMANCE""]",Detects if an index has never been used and may be a candidate for removal.,Index \`idx_send_conversations_link_id\` on table \`public.send_conversations\` has not been used,https://supabase.com/docs/guides/database/database-linter?lint=0005_unused_index,"{""name"":""send_conversations"",""type"":""table"",""schema"":""public""}",unused_index_public_send_conversations_idx_send_conversations_link_id
unused_index,Unused Index,INFO,EXTERNAL,"[""PERFORMANCE""]",Detects if an index has never been used and may be a candidate for removal.,Index \`idx_send_custom_domains_user_id\` on table \`public.send_custom_domains\` has not been used,https://supabase.com/docs/guides/database/database-linter?lint=0005_unused_index,"{""name"":""send_custom_domains"",""type"":""table"",""schema"":""public""}",unused_index_public_send_custom_domains_idx_send_custom_domains_user_id
unused_index,Unused Index,INFO,EXTERNAL,"[""PERFORMANCE""]",Detects if an index has never been used and may be a candidate for removal.,Index \`idx_send_custom_field_responses_view_id\` on table \`public.send_custom_field_responses\` has not been used,https://supabase.com/docs/guides/database/database-linter?lint=0005_unused_index,"{""name"":""send_custom_field_responses"",""type"":""table"",""schema"":""public""}",unused_index_public_send_custom_field_responses_idx_send_custom_field_responses_view_id
unused_index,Unused Index,INFO,EXTERNAL,"[""PERFORMANCE""]",Detects if an index has never been used and may be a candidate for removal.,Index \`idx_send_data_room_documents_data_room_id\` on table \`public.send_data_room_documents\` has not been used,https://supabase.com/docs/guides/database/database-linter?lint=0005_unused_index,"{""name"":""send_data_room_documents"",""type"":""table"",""schema"":""public""}",unused_index_public_send_data_room_documents_idx_send_data_room_documents_data_room_id
unused_index,Unused Index,INFO,EXTERNAL,"[""PERFORMANCE""]",Detects if an index has never been used and may be a candidate for removal.,Index \`idx_send_data_room_documents_document_id\` on table \`public.send_data_room_documents\` has not been used,https://supabase.com/docs/guides/database/database-linter?lint=0005_unused_index,"{""name"":""send_data_room_documents"",""type"":""table"",""schema"":""public""}",unused_index_public_send_data_room_documents_idx_send_data_room_documents_document_id
unused_index,Unused Index,INFO,EXTERNAL,"[""PERFORMANCE""]",Detects if an index has never been used and may be a candidate for removal.,Index \`idx_send_data_rooms_user_id\` on table \`public.send_data_rooms\` has not been used,https://supabase.com/docs/guides/database/database-linter?lint=0005_unused_index,"{""name"":""send_data_rooms"",""type"":""table"",""schema"":""public""}",unused_index_public_send_data_rooms_idx_send_data_rooms_user_id
unused_index,Unused Index,INFO,EXTERNAL,"[""PERFORMANCE""]",Detects if an index has never been used and may be a candidate for removal.,Index \`idx_send_dataroom_viewer_group_members_added_by\` on table \`public.send_dataroom_viewer_group_members\` has not been used,https://supabase.com/docs/guides/database/database-linter?lint=0005_unused_index,"{""name"":""send_dataroom_viewer_group_members"",""type"":""table"",""schema"":""public""}",unused_index_public_send_dataroom_viewer_group_members_idx_send_dataroom_viewer_group_members_added_by
unused_index,Unused Index,INFO,EXTERNAL,"[""PERFORMANCE""]",Detects if an index has never been used and may be a candidate for removal.,Index \`idx_send_document_feedback_document_id\` on table \`public.send_document_feedback\` has not been used,https://supabase.com/docs/guides/database/database-linter?lint=0005_unused_index,"{""name"":""send_document_feedback"",""type"":""table"",""schema"":""public""}",unused_index_public_send_document_feedback_idx_send_document_feedback_document_id
unused_index,Unused Index,INFO,EXTERNAL,"[""PERFORMANCE""]",Detects if an index has never been used and may be a candidate for removal.,Index \`idx_send_document_feedback_view_id\` on table \`public.send_document_feedback\` has not been used,https://supabase.com/docs/guides/database/database-linter?lint=0005_unused_index,"{""name"":""send_document_feedback"",""type"":""table"",""schema"":""public""}",unused_index_public_send_document_feedback_idx_send_document_feedback_view_id
unused_index,Unused Index,INFO,EXTERNAL,"[""PERFORMANCE""]",Detects if an index has never been used and may be a candidate for removal.,Index \`idx_send_document_tags_tag_id\` on table \`public.send_document_tags\` has not been used,https://supabase.com/docs/guides/database/database-linter?lint=0005_unused_index,"{""name"":""send_document_tags"",""type"":""table"",""schema"":""public""}",unused_index_public_send_document_tags_idx_send_document_tags_tag_id
unused_index,Unused Index,INFO,EXTERNAL,"[""PERFORMANCE""]",Detects if an index has never been used and may be a candidate for removal.,Index \`idx_send_faq_items_category_id\` on table \`public.send_faq_items\` has not been used,https://supabase.com/docs/guides/database/database-linter?lint=0005_unused_index,"{""name"":""send_faq_items"",""type"":""table"",""schema"":""public""}",unused_index_public_send_faq_items_idx_send_faq_items_category_id
unused_index,Unused Index,INFO,EXTERNAL,"[""PERFORMANCE""]",Detects if an index has never been used and may be a candidate for removal.,Index \`idx_send_link_access_controls_link_id\` on table \`public.send_link_access_controls\` has not been used,https://supabase.com/docs/guides/database/database-linter?lint=0005_unused_index,"{""name"":""send_link_access_controls"",""type"":""table"",""schema"":""public""}",unused_index_public_send_link_access_controls_idx_send_link_access_controls_link_id
unused_index,Unused Index,INFO,EXTERNAL,"[""PERFORMANCE""]",Detects if an index has never been used and may be a candidate for removal.,Index \`idx_send_link_custom_fields_field_id\` on table \`public.send_link_custom_fields\` has not been used,https://supabase.com/docs/guides/database/database-linter?lint=0005_unused_index,"{""name"":""send_link_custom_fields"",""type"":""table"",""schema"":""public""}",unused_index_public_send_link_custom_fields_idx_send_link_custom_fields_field_id
unused_index,Unused Index,INFO,EXTERNAL,"[""PERFORMANCE""]",Detects if an index has never been used and may be a candidate for removal.,Index \`idx_send_shared_documents_parent_version_id\` on table \`public.send_shared_documents\` has not been used,https://supabase.com/docs/guides/database/database-linter?lint=0005_unused_index,"{""name"":""send_shared_documents"",""type"":""table"",""schema"":""public""}",unused_index_public_send_shared_documents_idx_send_shared_documents_parent_version_id
unused_index,Unused Index,INFO,EXTERNAL,"[""PERFORMANCE""]",Detects if an index has never been used and may be a candidate for removal.,Index \`idx_send_team_members_user_id\` on table \`public.send_team_members\` has not been used,https://supabase.com/docs/guides/database/database-linter?lint=0005_unused_index,"{""name"":""send_team_members"",""type"":""table"",""schema"":""public""}",unused_index_public_send_team_members_idx_send_team_members_user_id
unused_index,Unused Index,INFO,EXTERNAL,"[""PERFORMANCE""]",Detects if an index has never been used and may be a candidate for removal.,Index \`idx_send_teams_owner_id\` on table \`public.send_teams\` has not been used,https://supabase.com/docs/guides/database/database-linter?lint=0005_unused_index,"{""name"":""send_teams"",""type"":""table"",""schema"":""public""}",unused_index_public_send_teams_idx_send_teams_owner_id
unused_index,Unused Index,INFO,EXTERNAL,"[""PERFORMANCE""]",Detects if an index has never been used and may be a candidate for removal.,Index \`idx_signing_requests_document_template_id\` on table \`public.signing_requests\` has not been used,https://supabase.com/docs/guides/database/database-linter?lint=0005_unused_index,"{""name"":""signing_requests"",""type"":""table"",""schema"":""public""}",unused_index_public_signing_requests_idx_signing_requests_document_template_id
unused_index,Unused Index,INFO,EXTERNAL,"[""PERFORMANCE""]",Detects if an index has never been used and may be a candidate for removal.,Index \`idx_signing_requests_totp_required_by\` on table \`public.signing_requests\` has not been used,https://supabase.com/docs/guides/database/database-linter?lint=0005_unused_index,"{""name"":""signing_requests"",""type"":""table"",""schema"":""public""}",unused_index_public_signing_requests_idx_signing_requests_totp_required_by
unused_index,Unused Index,INFO,EXTERNAL,"[""PERFORMANCE""]",Detects if an index has never been used and may be a candidate for removal.,Index \`idx_user_organizations_organization_id\` on table \`public.user_organizations\` has not been used,https://supabase.com/docs/guides/database/database-linter?lint=0005_unused_index,"{""name"":""user_organizations"",""type"":""table"",""schema"":""public""}",unused_index_public_user_organizations_idx_user_organizations_organization_id
unused_index,Unused Index,INFO,EXTERNAL,"[""PERFORMANCE""]",Detects if an index has never been used and may be a candidate for removal.,Index \`idx_user_profiles_organization_id\` on table \`public.user_profiles\` has not been used,https://supabase.com/docs/guides/database/database-linter?lint=0005_unused_index,"{""name"":""user_profiles"",""type"":""table"",""schema"":""public""}",unused_index_public_user_profiles_idx_user_profiles_organization_id
unused_index,Unused Index,INFO,EXTERNAL,"[""PERFORMANCE""]",Detects if an index has never been used and may be a candidate for removal.,Index \`idx_user_profiles_suspended_by\` on table \`public.user_profiles\` has not been used,https://supabase.com/docs/guides/database/database-linter?lint=0005_unused_index,"{""name"":""user_profiles"",""type"":""table"",""schema"":""public""}",unused_index_public_user_profiles_idx_user_profiles_suspended_by
unused_index,Unused Index,INFO,EXTERNAL,"[""PERFORMANCE""]",Detects if an index has never been used and may be a candidate for removal.,Index \`idx_user_sessions_user_active\` on table \`public.user_sessions\` has not been used,https://supabase.com/docs/guides/database/database-linter?lint=0005_unused_index,"{""name"":""user_sessions"",""type"":""table"",""schema"":""public""}",unused_index_public_user_sessions_idx_user_sessions_user_active
unused_index,Unused Index,INFO,EXTERNAL,"[""PERFORMANCE""]",Detects if an index has never been used and may be a candidate for removal.,Index \`idx_notifications_user_read\` on table \`public.notifications\` has not been used,https://supabase.com/docs/guides/database/database-linter?lint=0005_unused_index,"{""name"":""notifications"",""type"":""table"",""schema"":""public""}",unused_index_public_notifications_idx_notifications_user_read
unused_index,Unused Index,INFO,EXTERNAL,"[""PERFORMANCE""]",Detects if an index has never been used and may be a candidate for removal.,Index \`idx_send_document_views_link_created\` on table \`public.send_document_views\` has not been used,https://supabase.com/docs/guides/database/database-linter?lint=0005_unused_index,"{""name"":""send_document_views"",""type"":""table"",""schema"":""public""}",unused_index_public_send_document_views_idx_send_document_views_link_created
unused_index,Unused Index,INFO,EXTERNAL,"[""PERFORMANCE""]",Detects if an index has never been used and may be a candidate for removal.,Index \`idx_send_shared_documents_user_created\` on table \`public.send_shared_documents\` has not been used,https://supabase.com/docs/guides/database/database-linter?lint=0005_unused_index,"{""name"":""send_shared_documents"",""type"":""table"",""schema"":""public""}",unused_index_public_send_shared_documents_idx_send_shared_documents_user_created
unused_index,Unused Index,INFO,EXTERNAL,"[""PERFORMANCE""]",Detects if an index has never been used and may be a candidate for removal.,Index \`idx_signing_requests_status_created\` on table \`public.signing_requests\` has not been used,https://supabase.com/docs/guides/database/database-linter?lint=0005_unused_index,"{""name"":""signing_requests"",""type"":""table"",""schema"":""public""}",unused_index_public_signing_requests_idx_signing_requests_status_created
unused_index,Unused Index,INFO,EXTERNAL,"[""PERFORMANCE""]",Detects if an index has never been used and may be a candidate for removal.,Index \`idx_send_document_links_document_active\` on table \`public.send_document_links\` has not been used,https://supabase.com/docs/guides/database/database-linter?lint=0005_unused_index,"{""name"":""send_document_links"",""type"":""table"",""schema"":""public""}",unused_index_public_send_document_links_idx_send_document_links_document_active
unused_index,Unused Index,INFO,EXTERNAL,"[""PERFORMANCE""]",Detects if an index has never been used and may be a candidate for removal.,Index \`idx_send_page_views_view_page\` on table \`public.send_page_views\` has not been used,https://supabase.com/docs/guides/database/database-linter?lint=0005_unused_index,"{""name"":""send_page_views"",""type"":""table"",""schema"":""public""}",unused_index_public_send_page_views_idx_send_page_views_view_page
unused_index,Unused Index,INFO,EXTERNAL,"[""PERFORMANCE""]",Detects if an index has never been used and may be a candidate for removal.,Index \`idx_send_visitor_sessions_link_email\` on table \`public.send_visitor_sessions\` has not been used,https://supabase.com/docs/guides/database/database-linter?lint=0005_unused_index,"{""name"":""send_visitor_sessions"",""type"":""table"",""schema"":""public""}",unused_index_public_send_visitor_sessions_idx_send_visitor_sessions_link_email
unused_index,Unused Index,INFO,EXTERNAL,"[""PERFORMANCE""]",Detects if an index has never been used and may be a candidate for removal.,Index \`idx_corporate_audit_logs_admin_created\` on table \`public.corporate_audit_logs\` has not been used,https://supabase.com/docs/guides/database/database-linter?lint=0005_unused_index,"{""name"":""corporate_audit_logs"",""type"":""table"",""schema"":""public""}",unused_index_public_corporate_audit_logs_idx_corporate_audit_logs_admin_created
unused_index,Unused Index,INFO,EXTERNAL,"[""PERFORMANCE""]",Detects if an index has never been used and may be a candidate for removal.,Index \`idx_user_activity_logs_user_created\` on table \`public.user_activity_logs\` has not been used,https://supabase.com/docs/guides/database/database-linter?lint=0005_unused_index,"{""name"":""user_activity_logs"",""type"":""table"",""schema"":""public""}",unused_index_public_user_activity_logs_idx_user_activity_logs_user_created