{
  "basePdf": {
    "width": 210,
    "height": 297,
    "padding": [
      15,
      15,
      15,
      15
    ]
  },
  "schemas": [
    [
      {
        "name": "invoiceTitle",
        "type": "text",
        "content": "INVOICE",
        "position": {
          "x": 20,
          "y": 25
        },
        "width": 80,
        "height": 20,
        "fontSize": 24,
        "fontColor": "#e74c3c"
      },
      {
        "name": "invoiceNumber",
        "type": "text",
        "content": "INV-2024-001",
        "position": {
          "x": 120,
          "y": 30
        },
        "width": 70,
        "height": 15,
        "fontSize": 14,
        "fontColor": "#2c3e50"
      },
      {
        "name": "invoiceDate",
        "type": "text",
        "content": "2024-01-15",
        "position": {
          "x": 120,
          "y": 45
        },
        "width": 70,
        "height": 12,
        "fontSize": 12,
        "fontColor": "#7f8c8d"
      },
      {
        "name": "billToLabel",
        "type": "text",
        "content": "Bill To:",
        "position": {
          "x": 20,
          "y": 70
        },
        "width": 40,
        "height": 12,
        "fontSize": 12,
        "fontColor": "#34495e"
      },
      {
        "name": "clientName",
        "type": "text",
        "content": "Client Company Name",
        "position": {
          "x": 20,
          "y": 85
        },
        "width": 120,
        "height": 12,
        "fontSize": 12,
        "fontColor": "#2c3e50"
      },
      {
        "name": "clientAddress",
        "type": "text",
        "content": "123 Client Street\nCity, State 12345",
        "position": {
          "x": 20,
          "y": 100
        },
        "width": 120,
        "height": 25,
        "fontSize": 10,
        "fontColor": "#7f8c8d"
      },
      {
        "name": "fromLabel",
        "type": "text",
        "content": "From:",
        "position": {
          "x": 120,
          "y": 70
        },
        "width": 40,
        "height": 12,
        "fontSize": 12,
        "fontColor": "#34495e"
      },
      {
        "name": "companyName",
        "type": "text",
        "content": "Your Business Name",
        "position": {
          "x": 120,
          "y": 85
        },
        "width": 70,
        "height": 12,
        "fontSize": 12,
        "fontColor": "#2c3e50"
      },
      {
        "name": "companyAddress",
        "type": "text",
        "content": "456 Business Ave\nBusiness City, BC 67890",
        "position": {
          "x": 120,
          "y": 100
        },
        "width": 70,
        "height": 25,
        "fontSize": 10,
        "fontColor": "#7f8c8d"
      },
      {
        "name": "itemsHeader",
        "type": "text",
        "content": "Description                    Qty    Rate    Amount",
        "position": {
          "x": 20,
          "y": 140
        },
        "width": 170,
        "height": 12,
        "fontSize": 10,
        "fontColor": "#34495e"
      },
      {
        "name": "item1",
        "type": "text",
        "content": "Web Development Services       1      $500    $500.00",
        "position": {
          "x": 20,
          "y": 155
        },
        "width": 170,
        "height": 10,
        "fontSize": 10,
        "fontColor": "#2c3e50"
      },
      {
        "name": "item2",
        "type": "text",
        "content": "Design Consultation            2      $150    $300.00",
        "position": {
          "x": 20,
          "y": 170
        },
        "width": 170,
        "height": 10,
        "fontSize": 10,
        "fontColor": "#2c3e50"
      },
      {
        "name": "subtotal",
        "type": "text",
        "content": "Subtotal: $800.00",
        "position": {
          "x": 120,
          "y": 200
        },
        "width": 70,
        "height": 12,
        "fontSize": 12,
        "fontColor": "#7f8c8d"
      },
      {
        "name": "tax",
        "type": "text",
        "content": "Tax (8%): $64.00",
        "position": {
          "x": 120,
          "y": 215
        },
        "width": 70,
        "height": 12,
        "fontSize": 12,
        "fontColor": "#7f8c8d"
      },
      {
        "name": "total",
        "type": "text",
        "content": "Total: $864.00",
        "position": {
          "x": 120,
          "y": 235
        },
        "width": 70,
        "height": 15,
        "fontSize": 14,
        "fontColor": "#e74c3c"
      },
      {
        "name": "paymentTerms",
        "type": "text",
        "content": "Payment Terms: Net 30 days",
        "position": {
          "x": 20,
          "y": 260
        },
        "width": 120,
        "height": 10,
        "fontSize": 10,
        "fontColor": "#95a5a6"
      },
      {
        "name": "invoiceQR",
        "type": "qrcode",
        "content": "https://yourcompany.com/invoice/INV-2024-001",
        "position": {
          "x": 160,
          "y": 250
        },
        "width": 25,
        "height": 25
      }
    ]
  ]
}