[
  {
    "invoiceTitle": "INVOICE",
    "invoiceNumber": "INV-2024-001",
    "invoiceDate": "2024-01-15",
    "billToLabel": "Bill To:",
    "clientName": "Tech Solutions Inc.",
    "clientAddress": "789 Innovation Drive\nTech City, TC 54321",
    "fromLabel": "From:",
    "companyName": "Creative Agency LLC",
    "companyAddress": "456 Design Street\nCreative City, CC 67890",
    "itemsHeader": "Description                    Qty    Rate    Amount",
    "item1": "Website Redesign               1      $2500   $2500.00",
    "item2": "SEO Optimization               1      $800    $800.00",
    "subtotal": "Subtotal: $3300.00",
    "tax": "Tax (8.5%): $280.50",
    "total": "Total: $3580.50",
    "paymentTerms": "Payment Terms: Net 30 days",
    "invoiceQR": "https://creativeagency.com/invoice/INV-2024-001"
  }
]
