[
  {
    "companyName": "Acme Corporation",
    "documentTitle": "Order Confirmation",
    "customerName": "John Smith",
    "customerEmail": "john.smith@email.com",
    "customerPhone": "+1 (555) 987-6543",
    "orderDate": "2024-01-15",
    "orderNumber": "ORD-2024-001",
    "qrCode": "https://acme.com/order/ORD-2024-001",
    "barcode": "ORD2024001",
    "notes": "Express shipping requested. Handle with care.",
    "signature": "Customer Signature: ________________________",
    "footer": "Thank you for choosing Acme Corporation!"
  }
]
