{
  "basePdf": {
    "width": 210,
    "height": 297,
    "padding": [
      20,
      10,
      20,
      10
    ]
  },
  "schemas": [
    [
      {
        "name": "companyName",
        "type": "text",
        "content": "Your Company Name",
        "position": {
          "x": 20,
          "y": 30
        },
        "width": 150,
        "height": 20,
        "fontSize": 18,
        "fontColor": "#2c3e50"
      },
      {
        "name": "documentTitle",
        "type": "text",
        "content": "Sample Document",
        "position": {
          "x": 20,
          "y": 60
        },
        "width": 170,
        "height": 15,
        "fontSize": 16,
        "fontColor": "#34495e"
      },
      {
        "name": "customerName",
        "type": "text",
        "content": "Customer Name",
        "position": {
          "x": 20,
          "y": 90
        },
        "width": 120,
        "height": 12,
        "fontSize": 12,
        "fontColor": "#2980b9"
      },
      {
        "name": "customerEmail",
        "type": "text",
        "content": "customer@example.com",
        "position": {
          "x": 20,
          "y": 110
        },
        "width": 140,
        "height": 12,
        "fontSize": 12,
        "fontColor": "#2980b9"
      },
      {
        "name": "customerPhone",
        "type": "text",
        "content": "+1 (555) 123-4567",
        "position": {
          "x": 20,
          "y": 130
        },
        "width": 120,
        "height": 12,
        "fontSize": 12,
        "fontColor": "#2980b9"
      },
      {
        "name": "orderDate",
        "type": "text",
        "content": "2024-01-15",
        "position": {
          "x": 20,
          "y": 160
        },
        "width": 80,
        "height": 12,
        "fontSize": 12,
        "fontColor": "#7f8c8d"
      },
      {
        "name": "orderNumber",
        "type": "text",
        "content": "ORD-2024-001",
        "position": {
          "x": 110,
          "y": 160
        },
        "width": 80,
        "height": 12,
        "fontSize": 12,
        "fontColor": "#7f8c8d"
      },
      {
        "name": "qrCode",
        "type": "qrcode",
        "content": "https://example.com/order/ORD-2024-001",
        "position": {
          "x": 150,
          "y": 180
        },
        "width": 30,
        "height": 30
      },
      {
        "name": "barcode",
        "type": "code128",
        "content": "ORD2024001",
        "position": {
          "x": 20,
          "y": 190
        },
        "width": 80,
        "height": 15
      },
      {
        "name": "notes",
        "type": "text",
        "content": "Additional notes or comments can be added here.",
        "position": {
          "x": 20,
          "y": 220
        },
        "width": 170,
        "height": 20,
        "fontSize": 10,
        "fontColor": "#95a5a6"
      },
      {
        "name": "signature",
        "type": "text",
        "content": "Customer Signature: ________________________",
        "position": {
          "x": 20,
          "y": 250
        },
        "width": 150,
        "height": 12,
        "fontSize": 10,
        "fontColor": "#34495e"
      },
      {
        "name": "footer",
        "type": "text",
        "content": "Thank you for your business!",
        "position": {
          "x": 20,
          "y": 270
        },
        "width": 170,
        "height": 10,
        "fontSize": 8,
        "fontColor": "#bdc3c7"
      }
    ]
  ]
}